-- phpMyAdmin SQL Dump
-- version 5.2.0
-- https://www.phpmyadmin.net/
--
-- Host: 127.0.0.1
-- Generation Time: May 12, 2023 at 06:58 AM
-- Server version: 10.4.27-MariaDB
-- PHP Version: 8.1.12

SET SQL_MODE = "NO_AUTO_VALUE_ON_ZERO";
START TRANSACTION;
SET time_zone = "+00:00";


/*!40101 SET @OLD_CHARACTER_SET_CLIENT=@@CHARACTER_SET_CLIENT */;
/*!40101 SET @OLD_CHARACTER_SET_RESULTS=@@CHARACTER_SET_RESULTS */;
/*!40101 SET @OLD_COLLATION_CONNECTION=@@COLLATION_CONNECTION */;
/*!40101 SET NAMES utf8mb4 */;

--
-- Database: `finalyearproject`
--

-- --------------------------------------------------------

--
-- Table structure for table `assessments`
--

CREATE TABLE `assessments` (
  `AssessmentID` int(11) NOT NULL,
  `Assessment Name` varchar(100) DEFAULT NULL,
  `ModuleID` int(11) DEFAULT NULL,
  `Assessment Type` varchar(100) DEFAULT NULL,
  `Weight` float DEFAULT NULL
) ENGINE=InnoDB DEFAULT CHARSET=utf8mb4 COLLATE=utf8mb4_general_ci;

--
-- Dumping data for table `assessments`
--

INSERT INTO `assessments` (`AssessmentID`, `Assessment Name`, `ModuleID`, `Assessment Type`, `Weight`) VALUES
(1, 'CS1AC16 Exam', 1, 'Exam', 50),
(2, 'CS1AC16 Coursework 1', 1, 'Coursework 1', 30),
(3, 'CS1AC16 Coursework 2', 1, 'Coursework 2', 20),
(4, 'CS1FC16 Exam', 2, 'Exam', 50),
(5, 'CS1FC16 Coursework 1', 2, 'Coursework 1', 40),
(6, 'CS1FC16 Coursework 2', 2, 'Coursework 2', 10),
(7, 'CS1MA20 Exam', 3, 'Exam', 60),
(8, 'CS1MA20 Coursework 1', 3, 'Coursework 1', 30),
(9, 'CS1MA20 Coursework 2', 3, 'Coursework 2', 10),
(10, 'CS1PC20 Exam', 4, 'Exam', 50),
(11, 'CS1PC20 Coursework 1', 4, 'Coursework 1', 50),
(12, 'CS1SE20 Exam', 5, 'Exam', 70),
(13, 'CS1SE20 Coursework 1', 5, 'Coursework 1', 30),
(14, 'CS1HW22 Exam', 6, 'Exam', 30),
(15, 'CS1HW22 Coursework 1', 6, 'Coursework 1', 40),
(16, 'CS1HW22 Coursework 2', 6, 'Coursework 2', 30),
(17, 'CS2AO17 Exam', 7, 'Exam', 100),
(18, 'CS2CA17 Exam', 8, 'Exam', 100),
(19, 'CS2CO16 Exam', 9, 'Exam', 90),
(20, 'CS2CO16 Coursework 1', 9, 'Coursework 1', 5),
(21, 'CS2CO16 Coursework 2', 9, 'Coursework 2', 5),
(22, 'CS2DI17 Exam', 10, 'Exam', 40),
(23, 'CS2DI17 Coursework 1', 10, 'Coursework 1', 60),
(24, 'CS2JA16 Exam', 11, 'Exam', 25),
(25, 'CS2JA16 Coursework 1', 11, 'Coursework 1', 75),
(26, 'CS2SD16 Exam', 12, 'Exam', 100),
(27, 'CS2PP22 Exam', 13, 'Exam', 20),
(28, 'CS2PP22 Coursework 1', 13, 'Coursework 1', 50),
(29, 'CS2PP22 Coursework 2', 13, 'Coursework 2', 30),
(30, 'CS2SA16 Exam', 14, 'Exam', 80),
(31, 'CS2SA16 Coursework 1', 14, 'Coursework 1', 20),
(32, 'CS2QT19 Exam', 15, 'Exam', 100),
(33, 'CS3SC17 Exam', 16, 'Exam', 100),
(34, 'CS3IP16 Exam', 17, 'Exam', 100),
(35, 'CS3IA16 Exam', 18, 'Exam', 100),
(36, 'CS3DP19 Exam', 19, 'Exam', 35),
(37, 'CS3DP19 Coursework 1', 19, 'Coursework 1', 35),
(38, 'CS3DP19 Coursework 2', 19, 'Coursework 2', 30),
(39, 'CS3VR16 Exam', 20, 'Exam', 100),
(40, 'CS3AI18 Exam', 21, 'Exam', 70),
(41, 'CS3AI18 Coursework 1', 21, 'Coursework 1', 30),
(42, 'CS3DS19 Exam', 22, 'Exam', 20),
(43, 'CS3DS19 Coursework 1', 22, 'Coursework 1', 40),
(44, 'CS3DS19 Coursework 2', 22, 'Coursework 2', 40),
(45, 'CS3VI18 Exam', 23, 'Exam', 50),
(46, 'CS3VI18 Coursework 1', 23, 'Coursework 1', 50),
(47, 'CS3BC20 Exam', 24, 'Exam', 70),
(48, 'CS3BC20 Coursework 1', 24, 'Coursework 1', 30),
(49, 'CS3DV20 Exam', 25, 'Exam', 50),
(50, 'CS3DV20 Coursework 1', 25, 'Coursework 1', 50),
(51, 'CS3TM20 Exam', 26, 'Exam', 60),
(52, 'CS3TM20 Coursework 1', 26, 'Coursework 1', 40);

-- --------------------------------------------------------

--
-- Table structure for table `assessment_student`
--

CREATE TABLE `assessment_student` (
  `AssessmentID` int(11) NOT NULL,
  `StudentID` int(11) NOT NULL,
  `Score` float DEFAULT NULL
) ENGINE=InnoDB DEFAULT CHARSET=utf8mb4 COLLATE=utf8mb4_general_ci;

--
-- Dumping data for table `assessment_student`
--

INSERT INTO `assessment_student` (`AssessmentID`, `StudentID`, `Score`) VALUES
(1, 41, 35),
(1, 42, 90),
(1, 43, 4),
(1, 44, 83),
(1, 45, 43),
(1, 46, 59),
(1, 47, 76),
(1, 48, 18),
(1, 49, 20),
(1, 50, 49),
(1, 51, 72),
(1, 52, 28),
(1, 53, 30),
(1, 54, 82),
(1, 55, 25),
(1, 56, 76),
(1, 57, 80),
(1, 58, 76),
(1, 59, 27),
(1, 60, 23),
(1, 61, 20),
(1, 62, 5),
(1, 63, 21),
(1, 64, 91),
(1, 65, 26),
(1, 66, 87),
(1, 67, 59),
(1, 68, 37),
(1, 69, 41),
(1, 70, 1),
(1, 71, 30),
(1, 72, 76),
(1, 73, 20),
(1, 74, 16),
(1, 75, 94),
(1, 76, 36),
(1, 77, 20),
(1, 78, 5),
(1, 79, 82),
(1, 80, 11),
(1, 81, 20),
(1, 82, 69),
(1, 83, 56),
(1, 84, 21),
(1, 85, 8),
(1, 86, 57),
(1, 87, 50),
(1, 88, 77),
(1, 89, 87),
(1, 90, 83),
(1, 91, 20),
(1, 92, 40),
(1, 93, 9),
(1, 94, 19),
(1, 95, 22),
(1, 96, 19),
(1, 97, 72),
(1, 98, 19),
(1, 99, 0),
(1, 100, 75),
(1, 101, 66),
(1, 102, 37),
(1, 103, 40),
(1, 104, 98),
(1, 105, 95),
(1, 106, 41),
(1, 107, 58),
(1, 108, 64),
(1, 109, 16),
(1, 110, 31),
(1, 111, 95),
(1, 112, 11),
(1, 113, 63),
(1, 114, 94),
(1, 115, 93),
(1, 116, 15),
(1, 117, 78),
(1, 118, 60),
(1, 119, 71),
(1, 120, 84),
(1, 121, 35),
(1, 122, 7),
(1, 123, 8),
(1, 124, 50),
(1, 125, 84),
(1, 126, 15),
(1, 127, 25),
(1, 128, 77),
(1, 129, 98),
(1, 130, 57),
(1, 131, 5),
(1, 132, 93),
(1, 133, 84),
(1, 134, 99),
(1, 135, 57),
(1, 136, 78),
(1, 137, 47),
(1, 138, 43),
(1, 139, 32),
(1, 140, 18),
(1, 141, 33),
(1, 142, 54),
(1, 143, 88),
(1, 144, 31),
(1, 145, 19),
(1, 146, 23),
(1, 147, 71),
(1, 148, 41),
(1, 149, 2),
(1, 150, 35),
(1, 151, 59),
(1, 152, 73),
(1, 153, 22),
(1, 154, 71),
(1, 155, 45),
(1, 156, 11),
(1, 157, 20),
(1, 158, 88),
(1, 159, 84),
(1, 160, 64),
(1, 161, 26),
(1, 162, 49),
(1, 163, 58),
(1, 164, 64),
(1, 165, 100),
(1, 166, 57),
(1, 167, 7),
(1, 168, 29),
(1, 169, 33),
(1, 170, 35),
(1, 171, 96),
(1, 172, 43),
(1, 173, 32),
(1, 174, 88),
(1, 175, 81),
(1, 176, 45),
(1, 177, 21),
(1, 178, 28),
(1, 179, 78),
(1, 180, 24),
(1, 181, 41),
(1, 182, 46),
(1, 183, 27),
(1, 184, 60),
(1, 185, 51),
(1, 186, 100),
(1, 187, 87),
(1, 188, 54),
(1, 189, 17),
(1, 190, 93),
(1, 191, 55),
(1, 192, 1),
(1, 193, 11),
(1, 194, 37),
(1, 195, 28),
(1, 196, 87),
(1, 197, 42),
(1, 198, 60),
(1, 199, 79),
(1, 200, 31),
(1, 201, 47),
(1, 202, 33),
(1, 203, 60),
(1, 204, 30),
(1, 205, 89),
(1, 206, 55),
(1, 207, 92),
(1, 208, 42),
(1, 209, 34),
(1, 210, 34),
(1, 211, 92),
(1, 212, 92),
(1, 213, 89),
(1, 214, 12),
(1, 215, 16),
(1, 216, 94),
(1, 217, 44),
(1, 218, 86),
(1, 219, 87),
(1, 220, 74),
(1, 221, 60),
(1, 222, 66),
(1, 223, 100),
(1, 224, 70),
(1, 225, 22),
(1, 226, 98),
(1, 227, 85),
(1, 228, 20),
(1, 229, 98),
(1, 230, 96),
(1, 231, 58),
(1, 232, 30),
(1, 233, 61),
(1, 234, 98),
(1, 235, 58),
(1, 236, 41),
(1, 237, 84),
(1, 238, 26),
(1, 239, 58),
(1, 240, 7),
(2, 41, 88),
(2, 42, 94),
(2, 43, 75),
(2, 44, 10),
(2, 45, 50),
(2, 46, 34),
(2, 47, 24),
(2, 48, 21),
(2, 49, 40),
(2, 50, 54),
(2, 51, 58),
(2, 52, 89),
(2, 53, 46),
(2, 54, 81),
(2, 55, 96),
(2, 56, 1),
(2, 57, 35),
(2, 58, 54),
(2, 59, 29),
(2, 60, 54),
(2, 61, 84),
(2, 62, 13),
(2, 63, 66),
(2, 64, 67),
(2, 65, 88),
(2, 66, 75),
(2, 67, 85),
(2, 68, 72),
(2, 69, 65),
(2, 70, 14),
(2, 71, 54),
(2, 72, 11),
(2, 73, 47),
(2, 74, 1),
(2, 75, 26),
(2, 76, 52),
(2, 77, 100),
(2, 78, 62),
(2, 79, 30),
(2, 80, 22),
(2, 81, 30),
(2, 82, 37),
(2, 83, 53),
(2, 84, 92),
(2, 85, 45),
(2, 86, 97),
(2, 87, 57),
(2, 88, 73),
(2, 89, 6),
(2, 90, 15),
(2, 91, 22),
(2, 92, 84),
(2, 93, 85),
(2, 94, 63),
(2, 95, 12),
(2, 96, 7),
(2, 97, 43),
(2, 98, 54),
(2, 99, 5),
(2, 100, 21),
(2, 101, 44),
(2, 102, 51),
(2, 103, 73),
(2, 104, 88),
(2, 105, 69),
(2, 106, 57),
(2, 107, 36),
(2, 108, 24),
(2, 109, 94),
(2, 110, 66),
(2, 111, 77),
(2, 112, 66),
(2, 113, 3),
(2, 114, 47),
(2, 115, 16),
(2, 116, 81),
(2, 117, 91),
(2, 118, 5),
(2, 119, 22),
(2, 120, 40),
(2, 121, 82),
(2, 122, 48),
(2, 123, 97),
(2, 124, 15),
(2, 125, 20),
(2, 126, 62),
(2, 127, 91),
(2, 128, 82),
(2, 129, 12),
(2, 130, 83),
(2, 131, 31),
(2, 132, 37),
(2, 133, 58),
(2, 134, 81),
(2, 135, 2),
(2, 136, 44),
(2, 137, 64),
(2, 138, 26),
(2, 139, 77),
(2, 140, 62),
(2, 141, 69),
(2, 142, 22),
(2, 143, 86),
(2, 144, 78),
(2, 145, 25),
(2, 146, 88),
(2, 147, 54),
(2, 148, 42),
(2, 149, 91),
(2, 150, 35),
(2, 151, 60),
(2, 152, 29),
(2, 153, 14),
(2, 154, 78),
(2, 155, 94),
(2, 156, 86),
(2, 157, 57),
(2, 158, 87),
(2, 159, 6),
(2, 160, 72),
(2, 161, 15),
(2, 162, 66),
(2, 163, 82),
(2, 164, 48),
(2, 165, 35),
(2, 166, 48),
(2, 167, 66),
(2, 168, 26),
(2, 169, 19),
(2, 170, 25),
(2, 171, 63),
(2, 172, 18),
(2, 173, 13),
(2, 174, 81),
(2, 175, 9),
(2, 176, 88),
(2, 177, 21),
(2, 178, 63),
(2, 179, 55),
(2, 180, 96),
(2, 181, 44),
(2, 182, 93),
(2, 183, 10),
(2, 184, 85),
(2, 185, 17),
(2, 186, 13),
(2, 187, 53),
(2, 188, 78),
(2, 189, 56),
(2, 190, 13),
(2, 191, 67),
(2, 192, 79),
(2, 193, 56),
(2, 194, 11),
(2, 195, 30),
(2, 196, 52),
(2, 197, 13),
(2, 198, 31),
(2, 199, 4),
(2, 200, 47),
(2, 201, 88),
(2, 202, 60),
(2, 203, 58),
(2, 204, 40),
(2, 205, 55),
(2, 206, 66),
(2, 207, 11),
(2, 208, 97),
(2, 209, 61),
(2, 210, 55),
(2, 211, 20),
(2, 212, 71),
(2, 213, 3),
(2, 214, 8),
(2, 215, 58),
(2, 216, 48),
(2, 217, 91),
(2, 218, 78),
(2, 219, 40),
(2, 220, 34),
(2, 221, 3),
(2, 222, 8),
(2, 223, 82),
(2, 224, 54),
(2, 225, 68),
(2, 226, 74),
(2, 227, 83),
(2, 228, 69),
(2, 229, 76),
(2, 230, 10),
(2, 231, 35),
(2, 232, 96),
(2, 233, 51),
(2, 234, 89),
(2, 235, 72),
(2, 236, 32),
(2, 237, 64),
(2, 238, 71),
(2, 239, 20),
(2, 240, 4),
(3, 41, 74),
(3, 42, 69),
(3, 43, 73),
(3, 44, 13),
(3, 45, 47),
(3, 46, 49),
(3, 47, 59),
(3, 48, 49),
(3, 49, 36),
(3, 50, 71),
(3, 51, 57),
(3, 52, 97),
(3, 53, 1),
(3, 54, 23),
(3, 55, 26),
(3, 56, 52),
(3, 57, 97),
(3, 58, 28),
(3, 59, 37),
(3, 60, 21),
(3, 61, 15),
(3, 62, 0),
(3, 63, 85),
(3, 64, 88),
(3, 65, 30),
(3, 66, 25),
(3, 67, 83),
(3, 68, 17),
(3, 69, 56),
(3, 70, 66),
(3, 71, 60),
(3, 72, 69),
(3, 73, 38),
(3, 74, 45),
(3, 75, 32),
(3, 76, 2),
(3, 77, 83),
(3, 78, 15),
(3, 79, 37),
(3, 80, 50),
(3, 81, 87),
(3, 82, 74),
(3, 83, 74),
(3, 84, 27),
(3, 85, 96),
(3, 86, 18),
(3, 87, 82),
(3, 88, 48),
(3, 89, 70),
(3, 90, 49),
(3, 91, 34),
(3, 92, 47),
(3, 93, 88),
(3, 94, 100),
(3, 95, 53),
(3, 96, 5),
(3, 97, 11),
(3, 98, 99),
(3, 99, 82),
(3, 100, 78),
(3, 101, 69),
(3, 102, 90),
(3, 103, 52),
(3, 104, 100),
(3, 105, 17),
(3, 106, 32),
(3, 107, 67),
(3, 108, 57),
(3, 109, 66),
(3, 110, 21),
(3, 111, 19),
(3, 112, 99),
(3, 113, 53),
(3, 114, 50),
(3, 115, 54),
(3, 116, 68),
(3, 117, 9),
(3, 118, 43),
(3, 119, 41),
(3, 120, 83),
(3, 121, 36),
(3, 122, 73),
(3, 123, 7),
(3, 124, 78),
(3, 125, 90),
(3, 126, 15),
(3, 127, 68),
(3, 128, 0),
(3, 129, 19),
(3, 130, 45),
(3, 131, 67),
(3, 132, 82),
(3, 133, 82),
(3, 134, 45),
(3, 135, 74),
(3, 136, 45),
(3, 137, 90),
(3, 138, 67),
(3, 139, 18),
(3, 140, 2),
(3, 141, 74),
(3, 142, 11),
(3, 143, 2),
(3, 144, 64),
(3, 145, 17),
(3, 146, 17),
(3, 147, 13),
(3, 148, 49),
(3, 149, 1),
(3, 150, 0),
(3, 151, 7),
(3, 152, 13),
(3, 153, 24),
(3, 154, 0),
(3, 155, 32),
(3, 156, 73),
(3, 157, 24),
(3, 158, 100),
(3, 159, 55),
(3, 160, 33),
(3, 161, 70),
(3, 162, 55),
(3, 163, 15),
(3, 164, 19),
(3, 165, 61),
(3, 166, 40),
(3, 167, 94),
(3, 168, 6),
(3, 169, 63),
(3, 170, 69),
(3, 171, 41),
(3, 172, 58),
(3, 173, 0),
(3, 174, 93),
(3, 175, 10),
(3, 176, 9),
(3, 177, 57),
(3, 178, 60),
(3, 179, 97),
(3, 180, 97),
(3, 181, 66),
(3, 182, 69),
(3, 183, 65),
(3, 184, 22),
(3, 185, 93),
(3, 186, 73),
(3, 187, 60),
(3, 188, 63),
(3, 189, 94),
(3, 190, 4),
(3, 191, 56),
(3, 192, 12),
(3, 193, 33),
(3, 194, 29),
(3, 195, 32),
(3, 196, 31),
(3, 197, 33),
(3, 198, 37),
(3, 199, 86),
(3, 200, 6),
(3, 201, 41),
(3, 202, 66),
(3, 203, 5),
(3, 204, 23),
(3, 205, 89),
(3, 206, 32),
(3, 207, 56),
(3, 208, 18),
(3, 209, 35),
(3, 210, 82),
(3, 211, 33),
(3, 212, 90),
(3, 213, 44),
(3, 214, 31),
(3, 215, 8),
(3, 216, 23),
(3, 217, 69),
(3, 218, 66),
(3, 219, 32),
(3, 220, 45),
(3, 221, 89),
(3, 222, 87),
(3, 223, 69),
(3, 224, 6),
(3, 225, 77),
(3, 226, 2),
(3, 227, 73),
(3, 228, 42),
(3, 229, 13),
(3, 230, 85),
(3, 231, 6),
(3, 232, 30),
(3, 233, 56),
(3, 234, 19),
(3, 235, 77),
(3, 236, 52),
(3, 237, 67),
(3, 238, 1),
(3, 239, 69),
(3, 240, 78),
(4, 41, 58),
(4, 42, 5),
(4, 43, 38),
(4, 44, 54),
(4, 45, 18),
(4, 46, 37),
(4, 47, 37),
(4, 48, 82),
(4, 49, 98),
(4, 50, 4),
(4, 51, 67),
(4, 52, 26),
(4, 53, 12),
(4, 54, 5),
(4, 55, 47),
(4, 56, 44),
(4, 57, 49),
(4, 58, 92),
(4, 59, 13),
(4, 60, 11),
(4, 61, 51),
(4, 62, 39),
(4, 63, 9),
(4, 64, 65),
(4, 65, 25),
(4, 66, 40),
(4, 67, 7),
(4, 68, 45),
(4, 69, 57),
(4, 70, 45),
(4, 71, 70),
(4, 72, 78),
(4, 73, 63),
(4, 74, 64),
(4, 75, 27),
(4, 76, 55),
(4, 77, 67),
(4, 78, 58),
(4, 79, 92),
(4, 80, 0),
(4, 81, 48),
(4, 82, 6),
(4, 83, 87),
(4, 84, 39),
(4, 85, 56),
(4, 86, 33),
(4, 87, 12),
(4, 88, 80),
(4, 89, 42),
(4, 90, 62),
(4, 91, 52),
(4, 92, 81),
(4, 93, 65),
(4, 94, 75),
(4, 95, 30),
(4, 96, 2),
(4, 97, 100),
(4, 98, 98),
(4, 99, 50),
(4, 100, 80),
(4, 101, 62),
(4, 102, 38),
(4, 103, 44),
(4, 104, 53),
(4, 105, 73),
(4, 106, 90),
(4, 107, 86),
(4, 108, 9),
(4, 109, 11),
(4, 110, 57),
(4, 111, 50),
(4, 112, 51),
(4, 113, 96),
(4, 114, 17),
(4, 115, 59),
(4, 116, 33),
(4, 117, 12),
(4, 118, 92),
(4, 119, 99),
(4, 120, 41),
(4, 121, 79),
(4, 122, 12),
(4, 123, 36),
(4, 124, 65),
(4, 125, 12),
(4, 126, 23),
(4, 127, 93),
(4, 128, 93),
(4, 129, 14),
(4, 130, 24),
(4, 131, 99),
(4, 132, 27),
(4, 133, 14),
(4, 134, 67),
(4, 135, 2),
(4, 136, 29),
(4, 137, 15),
(4, 138, 43),
(4, 139, 19),
(4, 140, 33),
(4, 141, 10),
(4, 142, 59),
(4, 143, 36),
(4, 144, 100),
(4, 145, 91),
(4, 146, 43),
(4, 147, 39),
(4, 148, 100),
(4, 149, 75),
(4, 150, 100),
(4, 151, 36),
(4, 152, 5),
(4, 153, 81),
(4, 154, 2),
(4, 155, 17),
(4, 156, 15),
(4, 157, 39),
(4, 158, 65),
(4, 159, 66),
(4, 160, 22),
(4, 161, 38),
(4, 162, 25),
(4, 163, 11),
(4, 164, 38),
(4, 165, 27),
(4, 166, 54),
(4, 167, 45),
(4, 168, 98),
(4, 169, 76),
(4, 170, 12),
(4, 171, 53),
(4, 172, 46),
(4, 173, 4),
(4, 174, 68),
(4, 175, 1),
(4, 176, 26),
(4, 177, 98),
(4, 178, 16),
(4, 179, 66),
(4, 180, 80),
(4, 181, 13),
(4, 182, 96),
(4, 183, 55),
(4, 184, 62),
(4, 185, 57),
(4, 186, 80),
(4, 187, 14),
(4, 188, 4),
(4, 189, 50),
(4, 190, 33),
(4, 191, 77),
(4, 192, 90),
(4, 193, 19),
(4, 194, 94),
(4, 195, 37),
(4, 196, 42),
(4, 197, 2),
(4, 198, 28),
(4, 199, 53),
(4, 200, 90),
(4, 201, 99),
(4, 202, 96),
(4, 203, 76),
(4, 204, 72),
(4, 205, 87),
(4, 206, 13),
(4, 207, 32),
(4, 208, 67),
(4, 209, 4),
(4, 210, 93),
(4, 211, 54),
(4, 212, 99),
(4, 213, 13),
(4, 214, 45),
(4, 215, 65),
(4, 216, 20),
(4, 217, 42),
(4, 218, 18),
(4, 219, 57),
(4, 220, 33),
(4, 221, 53),
(4, 222, 73),
(4, 223, 57),
(4, 224, 53),
(4, 225, 19),
(4, 226, 66),
(4, 227, 59),
(4, 228, 24),
(4, 229, 33),
(4, 230, 66),
(4, 231, 79),
(4, 232, 4),
(4, 233, 97),
(4, 234, 55),
(4, 235, 41),
(4, 236, 34),
(4, 237, 75),
(4, 238, 92),
(4, 239, 26),
(4, 240, 6),
(5, 41, 5),
(5, 42, 68),
(5, 43, 87),
(5, 44, 1),
(5, 45, 46),
(5, 46, 28),
(5, 47, 32),
(5, 48, 33),
(5, 49, 33),
(5, 50, 43),
(5, 51, 43),
(5, 52, 5),
(5, 53, 26),
(5, 54, 3),
(5, 55, 75),
(5, 56, 4),
(5, 57, 36),
(5, 58, 13),
(5, 59, 56),
(5, 60, 52),
(5, 61, 86),
(5, 62, 87),
(5, 63, 6),
(5, 64, 69),
(5, 65, 60),
(5, 66, 57),
(5, 67, 55),
(5, 68, 2),
(5, 69, 51),
(5, 70, 37),
(5, 71, 82),
(5, 72, 93),
(5, 73, 24),
(5, 74, 42),
(5, 75, 40),
(5, 76, 36),
(5, 77, 17),
(5, 78, 55),
(5, 79, 59),
(5, 80, 71),
(5, 81, 55),
(5, 82, 57),
(5, 83, 56),
(5, 84, 43),
(5, 85, 6),
(5, 86, 74),
(5, 87, 82),
(5, 88, 90),
(5, 89, 57),
(5, 90, 20),
(5, 91, 82),
(5, 92, 75),
(5, 93, 62),
(5, 94, 3),
(5, 95, 59),
(5, 96, 23),
(5, 97, 79),
(5, 98, 20),
(5, 99, 52),
(5, 100, 96),
(5, 101, 41),
(5, 102, 63),
(5, 103, 24),
(5, 104, 47),
(5, 105, 25),
(5, 106, 33),
(5, 107, 95),
(5, 108, 81),
(5, 109, 72),
(5, 110, 82),
(5, 111, 3),
(5, 112, 34),
(5, 113, 32),
(5, 114, 6),
(5, 115, 43),
(5, 116, 49),
(5, 117, 33),
(5, 118, 53),
(5, 119, 77),
(5, 120, 80),
(5, 121, 64),
(5, 122, 12),
(5, 123, 70),
(5, 124, 7),
(5, 125, 18),
(5, 126, 80),
(5, 127, 46),
(5, 128, 43),
(5, 129, 92),
(5, 130, 4),
(5, 131, 71),
(5, 132, 84),
(5, 133, 18),
(5, 134, 70),
(5, 135, 92),
(5, 136, 71),
(5, 137, 53),
(5, 138, 52),
(5, 139, 13),
(5, 140, 34),
(5, 141, 64),
(5, 142, 54),
(5, 143, 2),
(5, 144, 78),
(5, 145, 50),
(5, 146, 60),
(5, 147, 4),
(5, 148, 39),
(5, 149, 64),
(5, 150, 91),
(5, 151, 93),
(5, 152, 51),
(5, 153, 63),
(5, 154, 45),
(5, 155, 3),
(5, 156, 74),
(5, 157, 7),
(5, 158, 12),
(5, 159, 76),
(5, 160, 44),
(5, 161, 87),
(5, 162, 58),
(5, 163, 83),
(5, 164, 36),
(5, 165, 32),
(5, 166, 17),
(5, 167, 29),
(5, 168, 14),
(5, 169, 97),
(5, 170, 78),
(5, 171, 3),
(5, 172, 87),
(5, 173, 41),
(5, 174, 42),
(5, 175, 17),
(5, 176, 97),
(5, 177, 38),
(5, 178, 88),
(5, 179, 85),
(5, 180, 77),
(5, 181, 46),
(5, 182, 90),
(5, 183, 56),
(5, 184, 56),
(5, 185, 7),
(5, 186, 62),
(5, 187, 17),
(5, 188, 58),
(5, 189, 89),
(5, 190, 23),
(5, 191, 66),
(5, 192, 71),
(5, 193, 16),
(5, 194, 61),
(5, 195, 32),
(5, 196, 26),
(5, 197, 12),
(5, 198, 80),
(5, 199, 32),
(5, 200, 59),
(5, 201, 14),
(5, 202, 85),
(5, 203, 22),
(5, 204, 37),
(5, 205, 21),
(5, 206, 46),
(5, 207, 67),
(5, 208, 6),
(5, 209, 47),
(5, 210, 19),
(5, 211, 75),
(5, 212, 57),
(5, 213, 94),
(5, 214, 87),
(5, 215, 75),
(5, 216, 37),
(5, 217, 15),
(5, 218, 76),
(5, 219, 25),
(5, 220, 22),
(5, 221, 41),
(5, 222, 7),
(5, 223, 15),
(5, 224, 83),
(5, 225, 46),
(5, 226, 40),
(5, 227, 39),
(5, 228, 14),
(5, 229, 19),
(5, 230, 84),
(5, 231, 11),
(5, 232, 27),
(5, 233, 26),
(5, 234, 30),
(5, 235, 38),
(5, 236, 82),
(5, 237, 22),
(5, 238, 93),
(5, 239, 47),
(5, 240, 32),
(6, 41, 92),
(6, 42, 12),
(6, 43, 84),
(6, 44, 69),
(6, 45, 14),
(6, 46, 49),
(6, 47, 75),
(6, 48, 24),
(6, 49, 31),
(6, 50, 59),
(6, 51, 47),
(6, 52, 54),
(6, 53, 13),
(6, 54, 57),
(6, 55, 30),
(6, 56, 54),
(6, 57, 62),
(6, 58, 29),
(6, 59, 67),
(6, 60, 30),
(6, 61, 20),
(6, 62, 94),
(6, 63, 11),
(6, 64, 49),
(6, 65, 63),
(6, 66, 38),
(6, 67, 98),
(6, 68, 51),
(6, 69, 68),
(6, 70, 12),
(6, 71, 61),
(6, 72, 75),
(6, 73, 97),
(6, 74, 86),
(6, 75, 33),
(6, 76, 100),
(6, 77, 98),
(6, 78, 65),
(6, 79, 72),
(6, 80, 2),
(6, 81, 5),
(6, 82, 60),
(6, 83, 84),
(6, 84, 67),
(6, 85, 29),
(6, 86, 62),
(6, 87, 0),
(6, 88, 71),
(6, 89, 12),
(6, 90, 94),
(6, 91, 43),
(6, 92, 87),
(6, 93, 40),
(6, 94, 64),
(6, 95, 94),
(6, 96, 88),
(6, 97, 2),
(6, 98, 21),
(6, 99, 7),
(6, 100, 41),
(6, 101, 89),
(6, 102, 99),
(6, 103, 20),
(6, 104, 15),
(6, 105, 79),
(6, 106, 86),
(6, 107, 2),
(6, 108, 66),
(6, 109, 14),
(6, 110, 40),
(6, 111, 15),
(6, 112, 88),
(6, 113, 8),
(6, 114, 25),
(6, 115, 10),
(6, 116, 28),
(6, 117, 89),
(6, 118, 57),
(6, 119, 67),
(6, 120, 72),
(6, 121, 11),
(6, 122, 79),
(6, 123, 9),
(6, 124, 26),
(6, 125, 90),
(6, 126, 92),
(6, 127, 72),
(6, 128, 79),
(6, 129, 82),
(6, 130, 91),
(6, 131, 12),
(6, 132, 30),
(6, 133, 32),
(6, 134, 87),
(6, 135, 87),
(6, 136, 47),
(6, 137, 25),
(6, 138, 65),
(6, 139, 91),
(6, 140, 86),
(6, 141, 37),
(6, 142, 95),
(6, 143, 92),
(6, 144, 93),
(6, 145, 0),
(6, 146, 28),
(6, 147, 5),
(6, 148, 56),
(6, 149, 7),
(6, 150, 59),
(6, 151, 46),
(6, 152, 69),
(6, 153, 88),
(6, 154, 96),
(6, 155, 64),
(6, 156, 97),
(6, 157, 7),
(6, 158, 4),
(6, 159, 4),
(6, 160, 46),
(6, 161, 38),
(6, 162, 8),
(6, 163, 99),
(6, 164, 86),
(6, 165, 69),
(6, 166, 19),
(6, 167, 39),
(6, 168, 86),
(6, 169, 98),
(6, 170, 24),
(6, 171, 84),
(6, 172, 25),
(6, 173, 100),
(6, 174, 56),
(6, 175, 27),
(6, 176, 92),
(6, 177, 70),
(6, 178, 2),
(6, 179, 12),
(6, 180, 19),
(6, 181, 67),
(6, 182, 65),
(6, 183, 28),
(6, 184, 43),
(6, 185, 43),
(6, 186, 55),
(6, 187, 32),
(6, 188, 40),
(6, 189, 91),
(6, 190, 79),
(6, 191, 49),
(6, 192, 0),
(6, 193, 18),
(6, 194, 4),
(6, 195, 34),
(6, 196, 39),
(6, 197, 60),
(6, 198, 86),
(6, 199, 64),
(6, 200, 28),
(6, 201, 46),
(6, 202, 56),
(6, 203, 5),
(6, 204, 80),
(6, 205, 65),
(6, 206, 40),
(6, 207, 96),
(6, 208, 10),
(6, 209, 37),
(6, 210, 31),
(6, 211, 41),
(6, 212, 36),
(6, 213, 8),
(6, 214, 71),
(6, 215, 94),
(6, 216, 56),
(6, 217, 80),
(6, 218, 26),
(6, 219, 43),
(6, 220, 80),
(6, 221, 81),
(6, 222, 93),
(6, 223, 70),
(6, 224, 30),
(6, 225, 66),
(6, 226, 76),
(6, 227, 18),
(6, 228, 1),
(6, 229, 100),
(6, 230, 37),
(6, 231, 92),
(6, 232, 94),
(6, 233, 20),
(6, 234, 33),
(6, 235, 93),
(6, 236, 60),
(6, 237, 14),
(6, 238, 17),
(6, 239, 49),
(6, 240, 54),
(7, 41, 28),
(7, 42, 21),
(7, 43, 42),
(7, 44, 46),
(7, 45, 93),
(7, 46, 2),
(7, 47, 54),
(7, 48, 100),
(7, 49, 59),
(7, 50, 85),
(7, 51, 17),
(7, 52, 22),
(7, 53, 27),
(7, 54, 23),
(7, 55, 80),
(7, 56, 92),
(7, 57, 60),
(7, 58, 77),
(7, 59, 47),
(7, 60, 93),
(7, 61, 66),
(7, 62, 49),
(7, 63, 64),
(7, 64, 13),
(7, 65, 49),
(7, 66, 29),
(7, 67, 30),
(7, 68, 57),
(7, 69, 45),
(7, 70, 41),
(7, 71, 18),
(7, 72, 15),
(7, 73, 33),
(7, 74, 46),
(7, 75, 7),
(7, 76, 52),
(7, 77, 63),
(7, 78, 31),
(7, 79, 67),
(7, 80, 92),
(7, 81, 43),
(7, 82, 76),
(7, 83, 37),
(7, 84, 81),
(7, 85, 33),
(7, 86, 17),
(7, 87, 57),
(7, 88, 49),
(7, 89, 12),
(7, 90, 94),
(7, 91, 23),
(7, 92, 63),
(7, 93, 96),
(7, 94, 5),
(7, 95, 33),
(7, 96, 30),
(7, 97, 82),
(7, 98, 62),
(7, 99, 61),
(7, 100, 38),
(7, 101, 72),
(7, 102, 39),
(7, 103, 35),
(7, 104, 30),
(7, 105, 90),
(7, 106, 68),
(7, 107, 35),
(7, 108, 2),
(7, 109, 48),
(7, 110, 80),
(7, 111, 28),
(7, 112, 13),
(7, 113, 17),
(7, 114, 76),
(7, 115, 81),
(7, 116, 11),
(7, 117, 58),
(7, 118, 51),
(7, 119, 48),
(7, 120, 53),
(7, 121, 78),
(7, 122, 54),
(7, 123, 54),
(7, 124, 94),
(7, 125, 28),
(7, 126, 49),
(7, 127, 3),
(7, 128, 76),
(7, 129, 96),
(7, 130, 12),
(7, 131, 64),
(7, 132, 23),
(7, 133, 17),
(7, 134, 5),
(7, 135, 88),
(7, 136, 20),
(7, 137, 70),
(7, 138, 25),
(7, 139, 88),
(7, 140, 24),
(7, 141, 20),
(7, 142, 97),
(7, 143, 81),
(7, 144, 60),
(7, 145, 31),
(7, 146, 17),
(7, 147, 96),
(7, 148, 58),
(7, 149, 15),
(7, 150, 70),
(7, 151, 97),
(7, 152, 73),
(7, 153, 94),
(7, 154, 10),
(7, 155, 57),
(7, 156, 35),
(7, 157, 60),
(7, 158, 49),
(7, 159, 58),
(7, 160, 95),
(7, 161, 67),
(7, 162, 21),
(7, 163, 1),
(7, 164, 3),
(7, 165, 62),
(7, 166, 45),
(7, 167, 9),
(7, 168, 89),
(7, 169, 87),
(7, 170, 100),
(7, 171, 45),
(7, 172, 57),
(7, 173, 1),
(7, 174, 31),
(7, 175, 11),
(7, 176, 3),
(7, 177, 39),
(7, 178, 40),
(7, 179, 59),
(7, 180, 97),
(7, 181, 73),
(7, 182, 27),
(7, 183, 47),
(7, 184, 43),
(7, 185, 72),
(7, 186, 86),
(7, 187, 42),
(7, 188, 4),
(7, 189, 65),
(7, 190, 30),
(7, 191, 13),
(7, 192, 79),
(7, 193, 17),
(7, 194, 93),
(7, 195, 2),
(7, 196, 61),
(7, 197, 4),
(7, 198, 59),
(7, 199, 88),
(7, 200, 37),
(7, 201, 0),
(7, 202, 89),
(7, 203, 39),
(7, 204, 6),
(7, 205, 59),
(7, 206, 51),
(7, 207, 16),
(7, 208, 74),
(7, 209, 44),
(7, 210, 77),
(7, 211, 37),
(7, 212, 17),
(7, 213, 26),
(7, 214, 7),
(7, 215, 32),
(7, 216, 83),
(7, 217, 64),
(7, 218, 48),
(7, 219, 65),
(7, 220, 67),
(7, 221, 77),
(7, 222, 32),
(7, 223, 39),
(7, 224, 92),
(7, 225, 94),
(7, 226, 5),
(7, 227, 30),
(7, 228, 0),
(7, 229, 84),
(7, 230, 100),
(7, 231, 54),
(7, 232, 2),
(7, 233, 63),
(7, 234, 67),
(7, 235, 1),
(7, 236, 60),
(7, 237, 93),
(7, 238, 78),
(7, 239, 48),
(7, 240, 96),
(8, 41, 37),
(8, 42, 20),
(8, 43, 52),
(8, 44, 71),
(8, 45, 4),
(8, 46, 65),
(8, 47, 53),
(8, 48, 42),
(8, 49, 9),
(8, 50, 63),
(8, 51, 64),
(8, 52, 44),
(8, 53, 93),
(8, 54, 98),
(8, 55, 45),
(8, 56, 2),
(8, 57, 23),
(8, 58, 41),
(8, 59, 40),
(8, 60, 10),
(8, 61, 65),
(8, 62, 88),
(8, 63, 73),
(8, 64, 73),
(8, 65, 39),
(8, 66, 3),
(8, 67, 68),
(8, 68, 22),
(8, 69, 91),
(8, 70, 95),
(8, 71, 5),
(8, 72, 94),
(8, 73, 49),
(8, 74, 90),
(8, 75, 28),
(8, 76, 35),
(8, 77, 100),
(8, 78, 40),
(8, 79, 80),
(8, 80, 72),
(8, 81, 52),
(8, 82, 100),
(8, 83, 31),
(8, 84, 6),
(8, 85, 25),
(8, 86, 16),
(8, 87, 31),
(8, 88, 50),
(8, 89, 99),
(8, 90, 92),
(8, 91, 80),
(8, 92, 60),
(8, 93, 51),
(8, 94, 98),
(8, 95, 4),
(8, 96, 54),
(8, 97, 34),
(8, 98, 26),
(8, 99, 49),
(8, 100, 88),
(8, 101, 98),
(8, 102, 49),
(8, 103, 33),
(8, 104, 3),
(8, 105, 82),
(8, 106, 20),
(8, 107, 69),
(8, 108, 35),
(8, 109, 72),
(8, 110, 87),
(8, 111, 85),
(8, 112, 26),
(8, 113, 0),
(8, 114, 27),
(8, 115, 85),
(8, 116, 42),
(8, 117, 8),
(8, 118, 7),
(8, 119, 69),
(8, 120, 33),
(8, 121, 8),
(8, 122, 64),
(8, 123, 14),
(8, 124, 100),
(8, 125, 15),
(8, 126, 32),
(8, 127, 88),
(8, 128, 13),
(8, 129, 98),
(8, 130, 31),
(8, 131, 3),
(8, 132, 19),
(8, 133, 58),
(8, 134, 30),
(8, 135, 99),
(8, 136, 45),
(8, 137, 23),
(8, 138, 30),
(8, 139, 38),
(8, 140, 31),
(8, 141, 83),
(8, 142, 13),
(8, 143, 92),
(8, 144, 14),
(8, 145, 30),
(8, 146, 68),
(8, 147, 19),
(8, 148, 51),
(8, 149, 48),
(8, 150, 43),
(8, 151, 24),
(8, 152, 89),
(8, 153, 72),
(8, 154, 41),
(8, 155, 68),
(8, 156, 75),
(8, 157, 15),
(8, 158, 22),
(8, 159, 35),
(8, 160, 31),
(8, 161, 24),
(8, 162, 4),
(8, 163, 51),
(8, 164, 47),
(8, 165, 34),
(8, 166, 18),
(8, 167, 82),
(8, 168, 46),
(8, 169, 44),
(8, 170, 57),
(8, 171, 47),
(8, 172, 82),
(8, 173, 35),
(8, 174, 80),
(8, 175, 92),
(8, 176, 63),
(8, 177, 13),
(8, 178, 11),
(8, 179, 92),
(8, 180, 72),
(8, 181, 36),
(8, 182, 67),
(8, 183, 54),
(8, 184, 83),
(8, 185, 51),
(8, 186, 71),
(8, 187, 64),
(8, 188, 8),
(8, 189, 45),
(8, 190, 38),
(8, 191, 16),
(8, 192, 50),
(8, 193, 48),
(8, 194, 11),
(8, 195, 19),
(8, 196, 53),
(8, 197, 44),
(8, 198, 83),
(8, 199, 21),
(8, 200, 67),
(8, 201, 60),
(8, 202, 27),
(8, 203, 80),
(8, 204, 28),
(8, 205, 84),
(8, 206, 63),
(8, 207, 7),
(8, 208, 71),
(8, 209, 46),
(8, 210, 94),
(8, 211, 50),
(8, 212, 83),
(8, 213, 51),
(8, 214, 59),
(8, 215, 56),
(8, 216, 32),
(8, 217, 46),
(8, 218, 14),
(8, 219, 44),
(8, 220, 87),
(8, 221, 0),
(8, 222, 92),
(8, 223, 23),
(8, 224, 98),
(8, 225, 85),
(8, 226, 65),
(8, 227, 68),
(8, 228, 77),
(8, 229, 98),
(8, 230, 31),
(8, 231, 72),
(8, 232, 14),
(8, 233, 38),
(8, 234, 35),
(8, 235, 8),
(8, 236, 5),
(8, 237, 47),
(8, 238, 72),
(8, 239, 8),
(8, 240, 35),
(9, 41, 22),
(9, 42, 1),
(9, 43, 75),
(9, 44, 93),
(9, 45, 11),
(9, 46, 36),
(9, 47, 32),
(9, 48, 78),
(9, 49, 77),
(9, 50, 5),
(9, 51, 41),
(9, 52, 52),
(9, 53, 85),
(9, 54, 32),
(9, 55, 16),
(9, 56, 45),
(9, 57, 30),
(9, 58, 77),
(9, 59, 19),
(9, 60, 32),
(9, 61, 96),
(9, 62, 89),
(9, 63, 7),
(9, 64, 91),
(9, 65, 78),
(9, 66, 82),
(9, 67, 37),
(9, 68, 81),
(9, 69, 49),
(9, 70, 99),
(9, 71, 87),
(9, 72, 12),
(9, 73, 93),
(9, 74, 33),
(9, 75, 62),
(9, 76, 10),
(9, 77, 98),
(9, 78, 75),
(9, 79, 69),
(9, 80, 77),
(9, 81, 27),
(9, 82, 97),
(9, 83, 15),
(9, 84, 63),
(9, 85, 36),
(9, 86, 61),
(9, 87, 61),
(9, 88, 79),
(9, 89, 13),
(9, 90, 75),
(9, 91, 95),
(9, 92, 49),
(9, 93, 44),
(9, 94, 5),
(9, 95, 57),
(9, 96, 22),
(9, 97, 76),
(9, 98, 57),
(9, 99, 18),
(9, 100, 36),
(9, 101, 69),
(9, 102, 33),
(9, 103, 2),
(9, 104, 53),
(9, 105, 16),
(9, 106, 2),
(9, 107, 76),
(9, 108, 67),
(9, 109, 99),
(9, 110, 49),
(9, 111, 1),
(9, 112, 42),
(9, 113, 74),
(9, 114, 85),
(9, 115, 59),
(9, 116, 18),
(9, 117, 55),
(9, 118, 65),
(9, 119, 83),
(9, 120, 15),
(9, 121, 38),
(9, 122, 5),
(9, 123, 16),
(9, 124, 39),
(9, 125, 58),
(9, 126, 28),
(9, 127, 39),
(9, 128, 59),
(9, 129, 74),
(9, 130, 73),
(9, 131, 51),
(9, 132, 31),
(9, 133, 1),
(9, 134, 87),
(9, 135, 17),
(9, 136, 11),
(9, 137, 16),
(9, 138, 68),
(9, 139, 78),
(9, 140, 17),
(9, 141, 79),
(9, 142, 47),
(9, 143, 39),
(9, 144, 46),
(9, 145, 90),
(9, 146, 40),
(9, 147, 86),
(9, 148, 68),
(9, 149, 74),
(9, 150, 40),
(9, 151, 52),
(9, 152, 40),
(9, 153, 41),
(9, 154, 45),
(9, 155, 81),
(9, 156, 19),
(9, 157, 73),
(9, 158, 82),
(9, 159, 78),
(9, 160, 6),
(9, 161, 58),
(9, 162, 72),
(9, 163, 12),
(9, 164, 61),
(9, 165, 48),
(9, 166, 49),
(9, 167, 27),
(9, 168, 98),
(9, 169, 47),
(9, 170, 18),
(9, 171, 91),
(9, 172, 51),
(9, 173, 33),
(9, 174, 9),
(9, 175, 44),
(9, 176, 72),
(9, 177, 51),
(9, 178, 0),
(9, 179, 66),
(9, 180, 54),
(9, 181, 15),
(9, 182, 9),
(9, 183, 22),
(9, 184, 28),
(9, 185, 50),
(9, 186, 33),
(9, 187, 68),
(9, 188, 15),
(9, 189, 2),
(9, 190, 3),
(9, 191, 70),
(9, 192, 9),
(9, 193, 71),
(9, 194, 78),
(9, 195, 60),
(9, 196, 82),
(9, 197, 88),
(9, 198, 99),
(9, 199, 43),
(9, 200, 65),
(9, 201, 95),
(9, 202, 61),
(9, 203, 32),
(9, 204, 50),
(9, 205, 29),
(9, 206, 86),
(9, 207, 23),
(9, 208, 86),
(9, 209, 36),
(9, 210, 20),
(9, 211, 33),
(9, 212, 60),
(9, 213, 96),
(9, 214, 9),
(9, 215, 62),
(9, 216, 70),
(9, 217, 48),
(9, 218, 39),
(9, 219, 14),
(9, 220, 23),
(9, 221, 70),
(9, 222, 70),
(9, 223, 21),
(9, 224, 47),
(9, 225, 23),
(9, 226, 4),
(9, 227, 11),
(9, 228, 10),
(9, 229, 90),
(9, 230, 76),
(9, 231, 99),
(9, 232, 82),
(9, 233, 61),
(9, 234, 71),
(9, 235, 7),
(9, 236, 41),
(9, 237, 67),
(9, 238, 7),
(9, 239, 93),
(9, 240, 16),
(10, 41, 32),
(10, 42, 96),
(10, 43, 30),
(10, 44, 88),
(10, 45, 21),
(10, 46, 23),
(10, 47, 64),
(10, 48, 5),
(10, 49, 11),
(10, 50, 33),
(10, 51, 2),
(10, 52, 68),
(10, 53, 9),
(10, 54, 47),
(10, 55, 73),
(10, 56, 89),
(10, 57, 86),
(10, 58, 26),
(10, 59, 24),
(10, 60, 32),
(10, 61, 28),
(10, 62, 71),
(10, 63, 70),
(10, 64, 79),
(10, 65, 67),
(10, 66, 19),
(10, 67, 28),
(10, 68, 17),
(10, 69, 49),
(10, 70, 60),
(10, 71, 32),
(10, 72, 83),
(10, 73, 89),
(10, 74, 98),
(10, 75, 32),
(10, 76, 15),
(10, 77, 39),
(10, 78, 83),
(10, 79, 88),
(10, 80, 65),
(10, 81, 39),
(10, 82, 55),
(10, 83, 17),
(10, 84, 38),
(10, 85, 17),
(10, 86, 51),
(10, 87, 28),
(10, 88, 86),
(10, 89, 1),
(10, 90, 82),
(10, 91, 72),
(10, 92, 75),
(10, 93, 29),
(10, 94, 4),
(10, 95, 18),
(10, 96, 88),
(10, 97, 60),
(10, 98, 23),
(10, 99, 83),
(10, 100, 67),
(10, 101, 3),
(10, 102, 37),
(10, 103, 51),
(10, 104, 71),
(10, 105, 99),
(10, 106, 63),
(10, 107, 90),
(10, 108, 51),
(10, 109, 23),
(10, 110, 20),
(10, 111, 97),
(10, 112, 41),
(10, 113, 12),
(10, 114, 93),
(10, 115, 49),
(10, 116, 62),
(10, 117, 66),
(10, 118, 41),
(10, 119, 27),
(10, 120, 18),
(10, 121, 33),
(10, 122, 49),
(10, 123, 46),
(10, 124, 1),
(10, 125, 49),
(10, 126, 83),
(10, 127, 16),
(10, 128, 15),
(10, 129, 64),
(10, 130, 45),
(10, 131, 66),
(10, 132, 92),
(10, 133, 23),
(10, 134, 95),
(10, 135, 74),
(10, 136, 50),
(10, 137, 84),
(10, 138, 65),
(10, 139, 17),
(10, 140, 97),
(10, 141, 48),
(10, 142, 74),
(10, 143, 73),
(10, 144, 58),
(10, 145, 94),
(10, 146, 47),
(10, 147, 23),
(10, 148, 97),
(10, 149, 39),
(10, 150, 81),
(10, 151, 31),
(10, 152, 33),
(10, 153, 44),
(10, 154, 90),
(10, 155, 38),
(10, 156, 52),
(10, 157, 82),
(10, 158, 97),
(10, 159, 75),
(10, 160, 91),
(10, 161, 63),
(10, 162, 25),
(10, 163, 12),
(10, 164, 51),
(10, 165, 54),
(10, 166, 46),
(10, 167, 47),
(10, 168, 23),
(10, 169, 84),
(10, 170, 81),
(10, 171, 24),
(10, 172, 47),
(10, 173, 88),
(10, 174, 21),
(10, 175, 2),
(10, 176, 15),
(10, 177, 85),
(10, 178, 77),
(10, 179, 47),
(10, 180, 95),
(10, 181, 97),
(10, 182, 73),
(10, 183, 32),
(10, 184, 10),
(10, 185, 87),
(10, 186, 15),
(10, 187, 87),
(10, 188, 44),
(10, 189, 39),
(10, 190, 72),
(10, 191, 11),
(10, 192, 35),
(10, 193, 68),
(10, 194, 56),
(10, 195, 87),
(10, 196, 89),
(10, 197, 52),
(10, 198, 58),
(10, 199, 66),
(10, 200, 35),
(10, 201, 38),
(10, 202, 35),
(10, 203, 71),
(10, 204, 9),
(10, 205, 67),
(10, 206, 99),
(10, 207, 4),
(10, 208, 43),
(10, 209, 42),
(10, 210, 85),
(10, 211, 93),
(10, 212, 77),
(10, 213, 78),
(10, 214, 57),
(10, 215, 48),
(10, 216, 86),
(10, 217, 11),
(10, 218, 86),
(10, 219, 92),
(10, 220, 56),
(10, 221, 72),
(10, 222, 60),
(10, 223, 11),
(10, 224, 80),
(10, 225, 55),
(10, 226, 18),
(10, 227, 7),
(10, 228, 35),
(10, 229, 73),
(10, 230, 100),
(10, 231, 37),
(10, 232, 47),
(10, 233, 64),
(10, 234, 4),
(10, 235, 56),
(10, 236, 99),
(10, 237, 67),
(10, 238, 42),
(10, 239, 89),
(10, 240, 6),
(11, 41, 95),
(11, 42, 64),
(11, 43, 18),
(11, 44, 76),
(11, 45, 29),
(11, 46, 72),
(11, 47, 41),
(11, 48, 8),
(11, 49, 59),
(11, 50, 70),
(11, 51, 7),
(11, 52, 37),
(11, 53, 81),
(11, 54, 78),
(11, 55, 11),
(11, 56, 15),
(11, 57, 41),
(11, 58, 11),
(11, 59, 30),
(11, 60, 49),
(11, 61, 18),
(11, 62, 6),
(11, 63, 83),
(11, 64, 33),
(11, 65, 96),
(11, 66, 59),
(11, 67, 22),
(11, 68, 84),
(11, 69, 65),
(11, 70, 11),
(11, 71, 83),
(11, 72, 0),
(11, 73, 83),
(11, 74, 1),
(11, 75, 53),
(11, 76, 95),
(11, 77, 45),
(11, 78, 7),
(11, 79, 94),
(11, 80, 94),
(11, 81, 86),
(11, 82, 18),
(11, 83, 45),
(11, 84, 66),
(11, 85, 38),
(11, 86, 11),
(11, 87, 8),
(11, 88, 89),
(11, 89, 52),
(11, 90, 52),
(11, 91, 54),
(11, 92, 56),
(11, 93, 60),
(11, 94, 65),
(11, 95, 100),
(11, 96, 69),
(11, 97, 94),
(11, 98, 20),
(11, 99, 31),
(11, 100, 18),
(11, 101, 94),
(11, 102, 46),
(11, 103, 10),
(11, 104, 11),
(11, 105, 22),
(11, 106, 24),
(11, 107, 34),
(11, 108, 27),
(11, 109, 32),
(11, 110, 7),
(11, 111, 95),
(11, 112, 39),
(11, 113, 43),
(11, 114, 96),
(11, 115, 18),
(11, 116, 59),
(11, 117, 29),
(11, 118, 18),
(11, 119, 85),
(11, 120, 91),
(11, 121, 75),
(11, 122, 97),
(11, 123, 70),
(11, 124, 12),
(11, 125, 94),
(11, 126, 75),
(11, 127, 74),
(11, 128, 99),
(11, 129, 5),
(11, 130, 43),
(11, 131, 12),
(11, 132, 10),
(11, 133, 66),
(11, 134, 14),
(11, 135, 57),
(11, 136, 70),
(11, 137, 86),
(11, 138, 3),
(11, 139, 4),
(11, 140, 36),
(11, 141, 19),
(11, 142, 24),
(11, 143, 48),
(11, 144, 66),
(11, 145, 15),
(11, 146, 91),
(11, 147, 27),
(11, 148, 88),
(11, 149, 29),
(11, 150, 52),
(11, 151, 72),
(11, 152, 51),
(11, 153, 32),
(11, 154, 70),
(11, 155, 82),
(11, 156, 35),
(11, 157, 15),
(11, 158, 13),
(11, 159, 35),
(11, 160, 58),
(11, 161, 60),
(11, 162, 57),
(11, 163, 15),
(11, 164, 38),
(11, 165, 33),
(11, 166, 29),
(11, 167, 90),
(11, 168, 62),
(11, 169, 13),
(11, 170, 21),
(11, 171, 40),
(11, 172, 90),
(11, 173, 63),
(11, 174, 27),
(11, 175, 14),
(11, 176, 29),
(11, 177, 86),
(11, 178, 28),
(11, 179, 64),
(11, 180, 50),
(11, 181, 28),
(11, 182, 25),
(11, 183, 6),
(11, 184, 87),
(11, 185, 73),
(11, 186, 76),
(11, 187, 99),
(11, 188, 3),
(11, 189, 96),
(11, 190, 64),
(11, 191, 62),
(11, 192, 21),
(11, 193, 100),
(11, 194, 15),
(11, 195, 89),
(11, 196, 4),
(11, 197, 26),
(11, 198, 74),
(11, 199, 95),
(11, 200, 25),
(11, 201, 49),
(11, 202, 6),
(11, 203, 31),
(11, 204, 78),
(11, 205, 38),
(11, 206, 48),
(11, 207, 63),
(11, 208, 54),
(11, 209, 84),
(11, 210, 19),
(11, 211, 28),
(11, 212, 5),
(11, 213, 61),
(11, 214, 14),
(11, 215, 83),
(11, 216, 77),
(11, 217, 48),
(11, 218, 67),
(11, 219, 100),
(11, 220, 89),
(11, 221, 34),
(11, 222, 78),
(11, 223, 6),
(11, 224, 29),
(11, 225, 17),
(11, 226, 79),
(11, 227, 10),
(11, 228, 64),
(11, 229, 64),
(11, 230, 56),
(11, 231, 100),
(11, 232, 31),
(11, 233, 75),
(11, 234, 59),
(11, 235, 16),
(11, 236, 19),
(11, 237, 38),
(11, 238, 78),
(11, 239, 95),
(11, 240, 85),
(12, 41, 45),
(12, 42, 37),
(12, 43, 14),
(12, 44, 93),
(12, 45, 66),
(12, 46, 74),
(12, 47, 37),
(12, 48, 11),
(12, 49, 61),
(12, 50, 12),
(12, 51, 46),
(12, 52, 35),
(12, 53, 95),
(12, 54, 56),
(12, 55, 42),
(12, 56, 63),
(12, 57, 75),
(12, 58, 2),
(12, 59, 24),
(12, 60, 4),
(12, 61, 79),
(12, 62, 8),
(12, 63, 99),
(12, 64, 75),
(12, 65, 46),
(12, 66, 66),
(12, 67, 87),
(12, 68, 29),
(12, 69, 61),
(12, 70, 65),
(12, 71, 9),
(12, 72, 13),
(12, 73, 50),
(12, 74, 55),
(12, 75, 26),
(12, 76, 4),
(12, 77, 99),
(12, 78, 35),
(12, 79, 27),
(12, 80, 74),
(12, 81, 53),
(12, 82, 22),
(12, 83, 87),
(12, 84, 98),
(12, 85, 41),
(12, 86, 41),
(12, 87, 61),
(12, 88, 60),
(12, 89, 0),
(12, 90, 27),
(12, 91, 6),
(12, 92, 91),
(12, 93, 39),
(12, 94, 41),
(12, 95, 51),
(12, 96, 75),
(12, 97, 37),
(12, 98, 29),
(12, 99, 90),
(12, 100, 28),
(12, 101, 26),
(12, 102, 62),
(12, 103, 45),
(12, 104, 6),
(12, 105, 69),
(12, 106, 9),
(12, 107, 29),
(12, 108, 75),
(12, 109, 61),
(12, 110, 21),
(12, 111, 23),
(12, 112, 51),
(12, 113, 31),
(12, 114, 18),
(12, 115, 58),
(12, 116, 1),
(12, 117, 38),
(12, 118, 29),
(12, 119, 31),
(12, 120, 92),
(12, 121, 37),
(12, 122, 87),
(12, 123, 83),
(12, 124, 72),
(12, 125, 39),
(12, 126, 63),
(12, 127, 77),
(12, 128, 51),
(12, 129, 15),
(12, 130, 70),
(12, 131, 42),
(12, 132, 0),
(12, 133, 38),
(12, 134, 77),
(12, 135, 55),
(12, 136, 17),
(12, 137, 11),
(12, 138, 97),
(12, 139, 17),
(12, 140, 47),
(12, 141, 22),
(12, 142, 3),
(12, 143, 1),
(12, 144, 85),
(12, 145, 89),
(12, 146, 10),
(12, 147, 63),
(12, 148, 35),
(12, 149, 34),
(12, 150, 20),
(12, 151, 59),
(12, 152, 90),
(12, 153, 59),
(12, 154, 9),
(12, 155, 99),
(12, 156, 30),
(12, 157, 32),
(12, 158, 46),
(12, 159, 88),
(12, 160, 22),
(12, 161, 16),
(12, 162, 58),
(12, 163, 81),
(12, 164, 37),
(12, 165, 53),
(12, 166, 74),
(12, 167, 71),
(12, 168, 97),
(12, 169, 84),
(12, 170, 36),
(12, 171, 46),
(12, 172, 29),
(12, 173, 68),
(12, 174, 19),
(12, 175, 70),
(12, 176, 6),
(12, 177, 28),
(12, 178, 8),
(12, 179, 11),
(12, 180, 11),
(12, 181, 74),
(12, 182, 88),
(12, 183, 60),
(12, 184, 4),
(12, 185, 11),
(12, 186, 74),
(12, 187, 35),
(12, 188, 63),
(12, 189, 61),
(12, 190, 46),
(12, 191, 28),
(12, 192, 92),
(12, 193, 13),
(12, 194, 13),
(12, 195, 6),
(12, 196, 14),
(12, 197, 77),
(12, 198, 17),
(12, 199, 6),
(12, 200, 74),
(12, 201, 39),
(12, 202, 65),
(12, 203, 87),
(12, 204, 86),
(12, 205, 18),
(12, 206, 11),
(12, 207, 7),
(12, 208, 99),
(12, 209, 46),
(12, 210, 10),
(12, 211, 41),
(12, 212, 71),
(12, 213, 41),
(12, 214, 86),
(12, 215, 61),
(12, 216, 67),
(12, 217, 8),
(12, 218, 40),
(12, 219, 93),
(12, 220, 43),
(12, 221, 97),
(12, 222, 34),
(12, 223, 90),
(12, 224, 78),
(12, 225, 60),
(12, 226, 85),
(12, 227, 8),
(12, 228, 88),
(12, 229, 76),
(12, 230, 20),
(12, 231, 18),
(12, 232, 11),
(12, 233, 65),
(12, 234, 98),
(12, 235, 26),
(12, 236, 24),
(12, 237, 76),
(12, 238, 69),
(12, 239, 46),
(12, 240, 97),
(13, 41, 52),
(13, 42, 66),
(13, 43, 35),
(13, 44, 12),
(13, 45, 70),
(13, 46, 48),
(13, 47, 89),
(13, 48, 88),
(13, 49, 99),
(13, 50, 100),
(13, 51, 53),
(13, 52, 94),
(13, 53, 3),
(13, 54, 27),
(13, 55, 78),
(13, 56, 41),
(13, 57, 56),
(13, 58, 0),
(13, 59, 22),
(13, 60, 46),
(13, 61, 63),
(13, 62, 65),
(13, 63, 78),
(13, 64, 83),
(13, 65, 47),
(13, 66, 45),
(13, 67, 72),
(13, 68, 66),
(13, 69, 13),
(13, 70, 10),
(13, 71, 60),
(13, 72, 66),
(13, 73, 72),
(13, 74, 93),
(13, 75, 86),
(13, 76, 54),
(13, 77, 25),
(13, 78, 39),
(13, 79, 35),
(13, 80, 90),
(13, 81, 23),
(13, 82, 6),
(13, 83, 99),
(13, 84, 54),
(13, 85, 68),
(13, 86, 9),
(13, 87, 44),
(13, 88, 24),
(13, 89, 37),
(13, 90, 33),
(13, 91, 8),
(13, 92, 42),
(13, 93, 30),
(13, 94, 72),
(13, 95, 14),
(13, 96, 4),
(13, 97, 66),
(13, 98, 31),
(13, 99, 99),
(13, 100, 16),
(13, 101, 65),
(13, 102, 8),
(13, 103, 54),
(13, 104, 47),
(13, 105, 4),
(13, 106, 59),
(13, 107, 44),
(13, 108, 92),
(13, 109, 24),
(13, 110, 67),
(13, 111, 5),
(13, 112, 19),
(13, 113, 37),
(13, 114, 39),
(13, 115, 84),
(13, 116, 85),
(13, 117, 70),
(13, 118, 42),
(13, 119, 69),
(13, 120, 12),
(13, 121, 50),
(13, 122, 3),
(13, 123, 62),
(13, 124, 41),
(13, 125, 22),
(13, 126, 22),
(13, 127, 72),
(13, 128, 100),
(13, 129, 1),
(13, 130, 49),
(13, 131, 38),
(13, 132, 77),
(13, 133, 100),
(13, 134, 13),
(13, 135, 43),
(13, 136, 36),
(13, 137, 72),
(13, 138, 84),
(13, 139, 76),
(13, 140, 4),
(13, 141, 56),
(13, 142, 2),
(13, 143, 4),
(13, 144, 69),
(13, 145, 67),
(13, 146, 76),
(13, 147, 64),
(13, 148, 66),
(13, 149, 11),
(13, 150, 25),
(13, 151, 6),
(13, 152, 98),
(13, 153, 13),
(13, 154, 16),
(13, 155, 78),
(13, 156, 26),
(13, 157, 36),
(13, 158, 66),
(13, 159, 99),
(13, 160, 10),
(13, 161, 93),
(13, 162, 65),
(13, 163, 2),
(13, 164, 65),
(13, 165, 46),
(13, 166, 9),
(13, 167, 37),
(13, 168, 14),
(13, 169, 15),
(13, 170, 35),
(13, 171, 28),
(13, 172, 64),
(13, 173, 50),
(13, 174, 93),
(13, 175, 63),
(13, 176, 40),
(13, 177, 35),
(13, 178, 28),
(13, 179, 51),
(13, 180, 67),
(13, 181, 40),
(13, 182, 10),
(13, 183, 92),
(13, 184, 38),
(13, 185, 52),
(13, 186, 21),
(13, 187, 20),
(13, 188, 69),
(13, 189, 66),
(13, 190, 75),
(13, 191, 16),
(13, 192, 54),
(13, 193, 72),
(13, 194, 45),
(13, 195, 90),
(13, 196, 78),
(13, 197, 86),
(13, 198, 93),
(13, 199, 67),
(13, 200, 76),
(13, 201, 58),
(13, 202, 3),
(13, 203, 31),
(13, 204, 97),
(13, 205, 77),
(13, 206, 29),
(13, 207, 95),
(13, 208, 13),
(13, 209, 34),
(13, 210, 50),
(13, 211, 6),
(13, 212, 68),
(13, 213, 83),
(13, 214, 8),
(13, 215, 3),
(13, 216, 88),
(13, 217, 43),
(13, 218, 94),
(13, 219, 9),
(13, 220, 65),
(13, 221, 25),
(13, 222, 97),
(13, 223, 8),
(13, 224, 20),
(13, 225, 25),
(13, 226, 55),
(13, 227, 83),
(13, 228, 18),
(13, 229, 59),
(13, 230, 72),
(13, 231, 6),
(13, 232, 97),
(13, 233, 27),
(13, 234, 29),
(13, 235, 18),
(13, 236, 36),
(13, 237, 8),
(13, 238, 0),
(13, 239, 21),
(13, 240, 49),
(14, 41, 76),
(14, 42, 33),
(14, 43, 73),
(14, 44, 90),
(14, 45, 0),
(14, 46, 70),
(14, 47, 91),
(14, 48, 48),
(14, 49, 33),
(14, 50, 97),
(14, 51, 9),
(14, 52, 91),
(14, 53, 55),
(14, 54, 37),
(14, 55, 79),
(14, 56, 84),
(14, 57, 43),
(14, 58, 79),
(14, 59, 53),
(14, 60, 12),
(14, 61, 17),
(14, 62, 24),
(14, 63, 59),
(14, 64, 54),
(14, 65, 11),
(14, 66, 23),
(14, 67, 49),
(14, 68, 32),
(14, 69, 64),
(14, 70, 71),
(14, 71, 28),
(14, 72, 7),
(14, 73, 99),
(14, 74, 78),
(14, 75, 53),
(14, 76, 28),
(14, 77, 15),
(14, 78, 68),
(14, 79, 51),
(14, 80, 35),
(14, 81, 86),
(14, 82, 66),
(14, 83, 96),
(14, 84, 99),
(14, 85, 64),
(14, 86, 8),
(14, 87, 81),
(14, 88, 0),
(14, 89, 17),
(14, 90, 90),
(14, 91, 52),
(14, 92, 71),
(14, 93, 35),
(14, 94, 58),
(14, 95, 96),
(14, 96, 53),
(14, 97, 35),
(14, 98, 13),
(14, 99, 5),
(14, 100, 10),
(14, 101, 34),
(14, 102, 16),
(14, 103, 47),
(14, 104, 13),
(14, 105, 77),
(14, 106, 40),
(14, 107, 58),
(14, 108, 54),
(14, 109, 4),
(14, 110, 14),
(14, 111, 88),
(14, 112, 2),
(14, 113, 71),
(14, 114, 39),
(14, 115, 15),
(14, 116, 57),
(14, 117, 23),
(14, 118, 52),
(14, 119, 81),
(14, 120, 60),
(14, 121, 64),
(14, 122, 44),
(14, 123, 7),
(14, 124, 8),
(14, 125, 36),
(14, 126, 56),
(14, 127, 2),
(14, 128, 96),
(14, 129, 70),
(14, 130, 23),
(14, 131, 58),
(14, 132, 92),
(14, 133, 23),
(14, 134, 68),
(14, 135, 6),
(14, 136, 76),
(14, 137, 59),
(14, 138, 11),
(14, 139, 73),
(14, 140, 32),
(14, 141, 53),
(14, 142, 49),
(14, 143, 39),
(14, 144, 10),
(14, 145, 35),
(14, 146, 88),
(14, 147, 67),
(14, 148, 93),
(14, 149, 20),
(14, 150, 4),
(14, 151, 18),
(14, 152, 72),
(14, 153, 5),
(14, 154, 39),
(14, 155, 70),
(14, 156, 39),
(14, 157, 73),
(14, 158, 63),
(14, 159, 88),
(14, 160, 6),
(14, 161, 93),
(14, 162, 15),
(14, 163, 12),
(14, 164, 73),
(14, 165, 27),
(14, 166, 90),
(14, 167, 25),
(14, 168, 79),
(14, 169, 58),
(14, 170, 8),
(14, 171, 100),
(14, 172, 82),
(14, 173, 82),
(14, 174, 28),
(14, 175, 19),
(14, 176, 70),
(14, 177, 68),
(14, 178, 77),
(14, 179, 44),
(14, 180, 5),
(14, 181, 58),
(14, 182, 76),
(14, 183, 15),
(14, 184, 46),
(14, 185, 56),
(14, 186, 88),
(14, 187, 1),
(14, 188, 62),
(14, 189, 65),
(14, 190, 12),
(14, 191, 62),
(14, 192, 36),
(14, 193, 1),
(14, 194, 19),
(14, 195, 62),
(14, 196, 20),
(14, 197, 42),
(14, 198, 29),
(14, 199, 84),
(14, 200, 41),
(14, 201, 51),
(14, 202, 28),
(14, 203, 99),
(14, 204, 35),
(14, 205, 81),
(14, 206, 87),
(14, 207, 93),
(14, 208, 93),
(14, 209, 96),
(14, 210, 21),
(14, 211, 24),
(14, 212, 12),
(14, 213, 24),
(14, 214, 4),
(14, 215, 69),
(14, 216, 40),
(14, 217, 49),
(14, 218, 20),
(14, 219, 96),
(14, 220, 40),
(14, 221, 70),
(14, 222, 100),
(14, 223, 31),
(14, 224, 98),
(14, 225, 2),
(14, 226, 27),
(14, 227, 38),
(14, 228, 23),
(14, 229, 44),
(14, 230, 46),
(14, 231, 66),
(14, 232, 6),
(14, 233, 21),
(14, 234, 95),
(14, 235, 91),
(14, 236, 49),
(14, 237, 13),
(14, 238, 56),
(14, 239, 79),
(14, 240, 16),
(15, 41, 94),
(15, 42, 62),
(15, 43, 97),
(15, 44, 31),
(15, 45, 40),
(15, 46, 67),
(15, 47, 73),
(15, 48, 69),
(15, 49, 93),
(15, 50, 70),
(15, 51, 34),
(15, 52, 80),
(15, 53, 24),
(15, 54, 23),
(15, 55, 46),
(15, 56, 14),
(15, 57, 62),
(15, 58, 67),
(15, 59, 93),
(15, 60, 89),
(15, 61, 46),
(15, 62, 5),
(15, 63, 68),
(15, 64, 37),
(15, 65, 2),
(15, 66, 7),
(15, 67, 14),
(15, 68, 66),
(15, 69, 2),
(15, 70, 13),
(15, 71, 82),
(15, 72, 99),
(15, 73, 51),
(15, 74, 69),
(15, 75, 57),
(15, 76, 61),
(15, 77, 61),
(15, 78, 97),
(15, 79, 70),
(15, 80, 63),
(15, 81, 48),
(15, 82, 9),
(15, 83, 17),
(15, 84, 44),
(15, 85, 97),
(15, 86, 12),
(15, 87, 23),
(15, 88, 23),
(15, 89, 6),
(15, 90, 55),
(15, 91, 43),
(15, 92, 21),
(15, 93, 17),
(15, 94, 2),
(15, 95, 83),
(15, 96, 25),
(15, 97, 55),
(15, 98, 26),
(15, 99, 47),
(15, 100, 55),
(15, 101, 57),
(15, 102, 31),
(15, 103, 56),
(15, 104, 93),
(15, 105, 10),
(15, 106, 13),
(15, 107, 54),
(15, 108, 51),
(15, 109, 27),
(15, 110, 88),
(15, 111, 70),
(15, 112, 53),
(15, 113, 77),
(15, 114, 81),
(15, 115, 4),
(15, 116, 97),
(15, 117, 99),
(15, 118, 79),
(15, 119, 67),
(15, 120, 83),
(15, 121, 3),
(15, 122, 30),
(15, 123, 20),
(15, 124, 46),
(15, 125, 89),
(15, 126, 62),
(15, 127, 94),
(15, 128, 13),
(15, 129, 20),
(15, 130, 14),
(15, 131, 53),
(15, 132, 52),
(15, 133, 88),
(15, 134, 7),
(15, 135, 30),
(15, 136, 91),
(15, 137, 46),
(15, 138, 26),
(15, 139, 72),
(15, 140, 72),
(15, 141, 95),
(15, 142, 3),
(15, 143, 68),
(15, 144, 16),
(15, 145, 65),
(15, 146, 77),
(15, 147, 55),
(15, 148, 85),
(15, 149, 19),
(15, 150, 84),
(15, 151, 34),
(15, 152, 61),
(15, 153, 99),
(15, 154, 54),
(15, 155, 10),
(15, 156, 37),
(15, 157, 15),
(15, 158, 11),
(15, 159, 45),
(15, 160, 12),
(15, 161, 76),
(15, 162, 93),
(15, 163, 73),
(15, 164, 41),
(15, 165, 17),
(15, 166, 74),
(15, 167, 16),
(15, 168, 80),
(15, 169, 45),
(15, 170, 51),
(15, 171, 21),
(15, 172, 92),
(15, 173, 0),
(15, 174, 94),
(15, 175, 42),
(15, 176, 21),
(15, 177, 95),
(15, 178, 18),
(15, 179, 69),
(15, 180, 32),
(15, 181, 13),
(15, 182, 46),
(15, 183, 87),
(15, 184, 41),
(15, 185, 65),
(15, 186, 45),
(15, 187, 75),
(15, 188, 85),
(15, 189, 41),
(15, 190, 38),
(15, 191, 64),
(15, 192, 100),
(15, 193, 93),
(15, 194, 17),
(15, 195, 52),
(15, 196, 32),
(15, 197, 71),
(15, 198, 80),
(15, 199, 12),
(15, 200, 35),
(15, 201, 87),
(15, 202, 70),
(15, 203, 82),
(15, 204, 43),
(15, 205, 30),
(15, 206, 75),
(15, 207, 79),
(15, 208, 19),
(15, 209, 19),
(15, 210, 19),
(15, 211, 24),
(15, 212, 25),
(15, 213, 71),
(15, 214, 76),
(15, 215, 92),
(15, 216, 5),
(15, 217, 39),
(15, 218, 90),
(15, 219, 38),
(15, 220, 34),
(15, 221, 99),
(15, 222, 72),
(15, 223, 13),
(15, 224, 96),
(15, 225, 31),
(15, 226, 69),
(15, 227, 77),
(15, 228, 30),
(15, 229, 76),
(15, 230, 36),
(15, 231, 97),
(15, 232, 14),
(15, 233, 52),
(15, 234, 12),
(15, 235, 50),
(15, 236, 58),
(15, 237, 31),
(15, 238, 31),
(15, 239, 50),
(15, 240, 66),
(16, 41, 13),
(16, 42, 5),
(16, 43, 65),
(16, 44, 43),
(16, 45, 78),
(16, 46, 0),
(16, 47, 14),
(16, 48, 26),
(16, 49, 48),
(16, 50, 42),
(16, 51, 46),
(16, 52, 8),
(16, 53, 68),
(16, 54, 70),
(16, 55, 88),
(16, 56, 50),
(16, 57, 100),
(16, 58, 26),
(16, 59, 6),
(16, 60, 65),
(16, 61, 99),
(16, 62, 33),
(16, 63, 42),
(16, 64, 30),
(16, 65, 15),
(16, 66, 13),
(16, 67, 99),
(16, 68, 27),
(16, 69, 11),
(16, 70, 51),
(16, 71, 43),
(16, 72, 31),
(16, 73, 24),
(16, 74, 20),
(16, 75, 97),
(16, 76, 24),
(16, 77, 36),
(16, 78, 30),
(16, 79, 85),
(16, 80, 5),
(16, 81, 78),
(16, 82, 15),
(16, 83, 84),
(16, 84, 71),
(16, 85, 53),
(16, 86, 70),
(16, 87, 9),
(16, 88, 56),
(16, 89, 23),
(16, 90, 31),
(16, 91, 51),
(16, 92, 12),
(16, 93, 33),
(16, 94, 68),
(16, 95, 94),
(16, 96, 59),
(16, 97, 97),
(16, 98, 36),
(16, 99, 21),
(16, 100, 65),
(16, 101, 64),
(16, 102, 85),
(16, 103, 13),
(16, 104, 28),
(16, 105, 90),
(16, 106, 76),
(16, 107, 2),
(16, 108, 3),
(16, 109, 80),
(16, 110, 94),
(16, 111, 22),
(16, 112, 47),
(16, 113, 31),
(16, 114, 89),
(16, 115, 73),
(16, 116, 43),
(16, 117, 18),
(16, 118, 67),
(16, 119, 74),
(16, 120, 81),
(16, 121, 84),
(16, 122, 68),
(16, 123, 74),
(16, 124, 86),
(16, 125, 15),
(16, 126, 42),
(16, 127, 86),
(16, 128, 68),
(16, 129, 10),
(16, 130, 15),
(16, 131, 17),
(16, 132, 29),
(16, 133, 16),
(16, 134, 79),
(16, 135, 85),
(16, 136, 28),
(16, 137, 70),
(16, 138, 28),
(16, 139, 35),
(16, 140, 4),
(16, 141, 75),
(16, 142, 76),
(16, 143, 100),
(16, 144, 67),
(16, 145, 39),
(16, 146, 11),
(16, 147, 88),
(16, 148, 28),
(16, 149, 58),
(16, 150, 18),
(16, 151, 63),
(16, 152, 33),
(16, 153, 91),
(16, 154, 88),
(16, 155, 87),
(16, 156, 3),
(16, 157, 39),
(16, 158, 81),
(16, 159, 64),
(16, 160, 57),
(16, 161, 85),
(16, 162, 74),
(16, 163, 19),
(16, 164, 18),
(16, 165, 73),
(16, 166, 21),
(16, 167, 1),
(16, 168, 28),
(16, 169, 77),
(16, 170, 89),
(16, 171, 57),
(16, 172, 88),
(16, 173, 21),
(16, 174, 12),
(16, 175, 1),
(16, 176, 73),
(16, 177, 30),
(16, 178, 9),
(16, 179, 12),
(16, 180, 50),
(16, 181, 40),
(16, 182, 47),
(16, 183, 45),
(16, 184, 74),
(16, 185, 100),
(16, 186, 61),
(16, 187, 83),
(16, 188, 77),
(16, 189, 94),
(16, 190, 6),
(16, 191, 95),
(16, 192, 56),
(16, 193, 47),
(16, 194, 44),
(16, 195, 28),
(16, 196, 29),
(16, 197, 22),
(16, 198, 62),
(16, 199, 87),
(16, 200, 71),
(16, 201, 17),
(16, 202, 84),
(16, 203, 99),
(16, 204, 34),
(16, 205, 0),
(16, 206, 67),
(16, 207, 16),
(16, 208, 100),
(16, 209, 15),
(16, 210, 51),
(16, 211, 37),
(16, 212, 62),
(16, 213, 76),
(16, 214, 93),
(16, 215, 31),
(16, 216, 84),
(16, 217, 53),
(16, 218, 80),
(16, 219, 31),
(16, 220, 32),
(16, 221, 8),
(16, 222, 34),
(16, 223, 85),
(16, 224, 3),
(16, 225, 40),
(16, 226, 29),
(16, 227, 22),
(16, 228, 55),
(16, 229, 7),
(16, 230, 59),
(16, 231, 8),
(16, 232, 9),
(16, 233, 75),
(16, 234, 99),
(16, 235, 5),
(16, 236, 85),
(16, 237, 13),
(16, 238, 18),
(16, 239, 39),
(16, 240, 80),
(17, 21, 1),
(17, 22, 12),
(17, 23, 15),
(17, 24, 53),
(17, 25, 4),
(17, 26, 19),
(17, 27, 5),
(17, 28, 38),
(17, 29, 74),
(17, 30, 50),
(17, 31, 4),
(17, 32, 11),
(17, 33, 68),
(17, 34, 33),
(17, 35, 36),
(17, 36, 62),
(17, 37, 7),
(17, 38, 68),
(17, 39, 30),
(17, 40, 75),
(17, 41, 63),
(17, 42, 38),
(17, 43, 12),
(17, 44, 51),
(17, 45, 59),
(17, 46, 32),
(17, 47, 24),
(17, 48, 77),
(17, 49, 45),
(17, 50, 16),
(17, 51, 34),
(17, 52, 60),
(17, 53, 79),
(17, 54, 21),
(17, 55, 22),
(17, 56, 51),
(17, 57, 24),
(17, 58, 80),
(17, 59, 76),
(17, 60, 67),
(17, 61, 11),
(17, 62, 88),
(17, 63, 96),
(17, 64, 79),
(17, 65, 97),
(17, 66, 77),
(17, 67, 99),
(17, 68, 90),
(17, 69, 51),
(17, 70, 56),
(17, 71, 15),
(17, 72, 87),
(17, 73, 61),
(17, 74, 99),
(17, 75, 75),
(17, 76, 63),
(17, 77, 61),
(17, 78, 48),
(17, 79, 92),
(17, 80, 70),
(17, 81, 14),
(17, 82, 32),
(17, 83, 99),
(17, 84, 93),
(17, 85, 65),
(17, 86, 93),
(17, 87, 65),
(17, 88, 77),
(17, 89, 15),
(17, 90, 32),
(17, 91, 6),
(17, 92, 11),
(17, 93, 66),
(17, 94, 23),
(17, 95, 30),
(17, 96, 60),
(17, 97, 41),
(17, 98, 79),
(17, 99, 57),
(17, 100, 27),
(17, 101, 34),
(17, 102, 17),
(17, 103, 91),
(17, 104, 92),
(17, 105, 93),
(17, 106, 42),
(17, 107, 54),
(17, 108, 80),
(17, 109, 61),
(17, 110, 90),
(17, 111, 97),
(17, 112, 22),
(17, 113, 93),
(17, 114, 52),
(17, 115, 36),
(17, 116, 30),
(17, 117, 70),
(17, 118, 50),
(17, 119, 20),
(17, 120, 42),
(17, 121, 20),
(17, 122, 93),
(17, 123, 3),
(17, 124, 74),
(17, 125, 29),
(17, 126, 9),
(17, 127, 50),
(17, 128, 26),
(17, 129, 91),
(17, 130, 71),
(17, 131, 33),
(17, 132, 25),
(17, 133, 57),
(17, 134, 60),
(17, 135, 38),
(17, 136, 85),
(17, 137, 22),
(17, 138, 68),
(17, 139, 5),
(17, 140, 91),
(17, 141, 81),
(17, 142, 51),
(17, 143, 28),
(17, 144, 11),
(17, 145, 35),
(17, 146, 3),
(17, 147, 50),
(17, 148, 46),
(17, 149, 28),
(17, 150, 87),
(17, 151, 15),
(17, 152, 2),
(17, 153, 33),
(17, 154, 48),
(17, 155, 10),
(17, 156, 97),
(17, 157, 68),
(17, 158, 22),
(17, 159, 64),
(17, 160, 15),
(17, 161, 97),
(17, 162, 9),
(17, 163, 99),
(17, 164, 57),
(17, 165, 19),
(17, 166, 65),
(17, 167, 93),
(17, 168, 47),
(17, 169, 31),
(17, 170, 82),
(17, 171, 58),
(17, 172, 39),
(17, 173, 9),
(17, 174, 24),
(17, 175, 23),
(17, 176, 51),
(17, 177, 0),
(17, 178, 94),
(17, 179, 82),
(17, 180, 33),
(17, 181, 52),
(17, 182, 80),
(17, 183, 90),
(17, 184, 52),
(17, 185, 67),
(17, 186, 82),
(17, 187, 27),
(17, 188, 53),
(17, 189, 58),
(17, 190, 92),
(17, 191, 36),
(17, 192, 51),
(17, 193, 82),
(17, 194, 32),
(17, 195, 25),
(17, 196, 66),
(17, 197, 95),
(17, 198, 10),
(17, 199, 14),
(17, 200, 65),
(17, 201, 11),
(17, 202, 8),
(17, 203, 5),
(17, 204, 80),
(17, 205, 51),
(17, 206, 52),
(17, 207, 44),
(17, 208, 90),
(17, 209, 68),
(17, 210, 29),
(17, 211, 43),
(17, 212, 17),
(17, 213, 48),
(17, 214, 92),
(17, 215, 95),
(17, 216, 73),
(17, 217, 18),
(17, 218, 13),
(17, 219, 10),
(17, 220, 52),
(19, 21, 61),
(19, 22, 63),
(19, 23, 26),
(19, 24, 2),
(19, 25, 57),
(19, 26, 33),
(19, 27, 79),
(19, 28, 45),
(19, 29, 99),
(19, 30, 68),
(19, 31, 78),
(19, 32, 66),
(19, 33, 8),
(19, 34, 3),
(19, 35, 44),
(19, 36, 28),
(19, 37, 40),
(19, 38, 21),
(19, 39, 63),
(19, 40, 78),
(19, 41, 33),
(19, 42, 23),
(19, 43, 70),
(19, 44, 55),
(19, 45, 47),
(19, 46, 69),
(19, 47, 96),
(19, 48, 61),
(19, 49, 11),
(19, 50, 68),
(19, 51, 21),
(19, 52, 95),
(19, 53, 31),
(19, 54, 22),
(19, 55, 95),
(19, 56, 43),
(19, 57, 3),
(19, 58, 53),
(19, 59, 40),
(19, 60, 49),
(19, 61, 97),
(19, 62, 96),
(19, 63, 6),
(19, 64, 65),
(19, 65, 58),
(19, 66, 43),
(19, 67, 24),
(19, 68, 5),
(19, 69, 59),
(19, 70, 22),
(19, 71, 22),
(19, 72, 41),
(19, 73, 29),
(19, 74, 49),
(19, 75, 20),
(19, 76, 57),
(19, 77, 6),
(19, 78, 82),
(19, 79, 39),
(19, 80, 27),
(19, 81, 94),
(19, 82, 72),
(19, 83, 77),
(19, 84, 65),
(19, 85, 55),
(19, 86, 68),
(19, 87, 90),
(19, 88, 23),
(19, 89, 21),
(19, 90, 54),
(19, 91, 91),
(19, 92, 46),
(19, 93, 90),
(19, 94, 22),
(19, 95, 97),
(19, 96, 40),
(19, 97, 14),
(19, 98, 58),
(19, 99, 7),
(19, 100, 99),
(19, 101, 62),
(19, 102, 32),
(19, 103, 56),
(19, 104, 71),
(19, 105, 67),
(19, 106, 8),
(19, 107, 54),
(19, 108, 81),
(19, 109, 73),
(19, 110, 83),
(19, 111, 33),
(19, 112, 52),
(19, 113, 48),
(19, 114, 94),
(19, 115, 56),
(19, 116, 28),
(19, 117, 55),
(19, 118, 49),
(19, 119, 63),
(19, 120, 40),
(19, 121, 18),
(19, 122, 39),
(19, 123, 25),
(19, 124, 55),
(19, 125, 6),
(19, 126, 62),
(19, 127, 27),
(19, 128, 15),
(19, 129, 18),
(19, 130, 50),
(19, 131, 19),
(19, 132, 78),
(19, 133, 24),
(19, 134, 36),
(19, 135, 59),
(19, 136, 76),
(19, 137, 13),
(19, 138, 51),
(19, 139, 100),
(19, 140, 32),
(19, 141, 72),
(19, 142, 100),
(19, 143, 46),
(19, 144, 94),
(19, 145, 47),
(19, 146, 92),
(19, 147, 53),
(19, 148, 6),
(19, 149, 18),
(19, 150, 27),
(19, 151, 86),
(19, 152, 9),
(19, 153, 47),
(19, 154, 63),
(19, 155, 75),
(19, 156, 86),
(19, 157, 19),
(19, 158, 68),
(19, 159, 52),
(19, 160, 25),
(19, 161, 64),
(19, 162, 56),
(19, 163, 68),
(19, 164, 44),
(19, 165, 89),
(19, 166, 79),
(19, 167, 7),
(19, 168, 56),
(19, 169, 59),
(19, 170, 22),
(19, 171, 27),
(19, 172, 49),
(19, 173, 39),
(19, 174, 57),
(19, 175, 8),
(19, 176, 81),
(19, 177, 20),
(19, 178, 58),
(19, 179, 16),
(19, 180, 53),
(19, 181, 81),
(19, 182, 49),
(19, 183, 89),
(19, 184, 5),
(19, 185, 87),
(19, 186, 55),
(19, 187, 25),
(19, 188, 32),
(19, 189, 82),
(19, 190, 78),
(19, 191, 98),
(19, 192, 63),
(19, 193, 46),
(19, 194, 41),
(19, 195, 25),
(19, 196, 32),
(19, 197, 42),
(19, 198, 96),
(19, 199, 1),
(19, 200, 73),
(19, 201, 81),
(19, 202, 24),
(19, 203, 50),
(19, 204, 87),
(19, 205, 97),
(19, 206, 56),
(19, 207, 31),
(19, 208, 82),
(19, 209, 17),
(19, 210, 69),
(19, 211, 75),
(19, 212, 40),
(19, 213, 27),
(19, 214, 55),
(19, 215, 49),
(19, 216, 52),
(19, 217, 20),
(19, 218, 81),
(19, 219, 96),
(19, 220, 70),
(20, 21, 84),
(20, 22, 26),
(20, 23, 65),
(20, 24, 2),
(20, 25, 72),
(20, 26, 59),
(20, 27, 8),
(20, 28, 60),
(20, 29, 73),
(20, 30, 62),
(20, 31, 41),
(20, 32, 56),
(20, 33, 37),
(20, 34, 83),
(20, 35, 66),
(20, 36, 31),
(20, 37, 66),
(20, 38, 89),
(20, 39, 76),
(20, 40, 98),
(20, 41, 44),
(20, 42, 94),
(20, 43, 82),
(20, 44, 39),
(20, 45, 44),
(20, 46, 92),
(20, 47, 15),
(20, 48, 31),
(20, 49, 34),
(20, 50, 33),
(20, 51, 19),
(20, 52, 13),
(20, 53, 53),
(20, 54, 23),
(20, 55, 6),
(20, 56, 35),
(20, 57, 76),
(20, 58, 94),
(20, 59, 0),
(20, 60, 57),
(20, 61, 22),
(20, 62, 7),
(20, 63, 40),
(20, 64, 31),
(20, 65, 71),
(20, 66, 55),
(20, 67, 68),
(20, 68, 88),
(20, 69, 33),
(20, 70, 95),
(20, 71, 12),
(20, 72, 14),
(20, 73, 87),
(20, 74, 42),
(20, 75, 62),
(20, 76, 13),
(20, 77, 44),
(20, 78, 45),
(20, 79, 51),
(20, 80, 97),
(20, 81, 25),
(20, 82, 91),
(20, 83, 7),
(20, 84, 49),
(20, 85, 27),
(20, 86, 18),
(20, 87, 32),
(20, 88, 8),
(20, 89, 87),
(20, 90, 61),
(20, 91, 79),
(20, 92, 70),
(20, 93, 63),
(20, 94, 71),
(20, 95, 67),
(20, 96, 45),
(20, 97, 53),
(20, 98, 48),
(20, 99, 51),
(20, 100, 67),
(20, 101, 100),
(20, 102, 92),
(20, 103, 91),
(20, 104, 2),
(20, 105, 65),
(20, 106, 43),
(20, 107, 77),
(20, 108, 36),
(20, 109, 52),
(20, 110, 75),
(20, 111, 62),
(20, 112, 0),
(20, 113, 46),
(20, 114, 25),
(20, 115, 44),
(20, 116, 98),
(20, 117, 54),
(20, 118, 87),
(20, 119, 73),
(20, 120, 86),
(20, 121, 85),
(20, 122, 52),
(20, 123, 51),
(20, 124, 9),
(20, 125, 23),
(20, 126, 39),
(20, 127, 62),
(20, 128, 7),
(20, 129, 0),
(20, 130, 53),
(20, 131, 6),
(20, 132, 91),
(20, 133, 81),
(20, 134, 52),
(20, 135, 83),
(20, 136, 55),
(20, 137, 89),
(20, 138, 34),
(20, 139, 31),
(20, 140, 82),
(20, 141, 40),
(20, 142, 54),
(20, 143, 77),
(20, 144, 13),
(20, 145, 98),
(20, 146, 4),
(20, 147, 50),
(20, 148, 86),
(20, 149, 77),
(20, 150, 34),
(20, 151, 74),
(20, 152, 85),
(20, 153, 34),
(20, 154, 59),
(20, 155, 32),
(20, 156, 61),
(20, 157, 39),
(20, 158, 68),
(20, 159, 45),
(20, 160, 62),
(20, 161, 48),
(20, 162, 21),
(20, 163, 23),
(20, 164, 89),
(20, 165, 67),
(20, 166, 96),
(20, 167, 60),
(20, 168, 38),
(20, 169, 14),
(20, 170, 58),
(20, 171, 46),
(20, 172, 13),
(20, 173, 15),
(20, 174, 1),
(20, 175, 12),
(20, 176, 63),
(20, 177, 26),
(20, 178, 100),
(20, 179, 41),
(20, 180, 33),
(20, 181, 8),
(20, 182, 36),
(20, 183, 20),
(20, 184, 88),
(20, 185, 51),
(20, 186, 30),
(20, 187, 70),
(20, 188, 84),
(20, 189, 13),
(20, 190, 3),
(20, 191, 11),
(20, 192, 68),
(20, 193, 0),
(20, 194, 89),
(20, 195, 43),
(20, 196, 83),
(20, 197, 84),
(20, 198, 32),
(20, 199, 21),
(20, 200, 43),
(20, 201, 27),
(20, 202, 12),
(20, 203, 20),
(20, 204, 27),
(20, 205, 35),
(20, 206, 32),
(20, 207, 54),
(20, 208, 64),
(20, 209, 10),
(20, 210, 66),
(20, 211, 19),
(20, 212, 89),
(20, 213, 54),
(20, 214, 34),
(20, 215, 4),
(20, 216, 61),
(20, 217, 85),
(20, 218, 38),
(20, 219, 65),
(20, 220, 33),
(21, 21, 67),
(21, 22, 58),
(21, 23, 72),
(21, 24, 80),
(21, 25, 27),
(21, 26, 43),
(21, 27, 66),
(21, 28, 26),
(21, 29, 21),
(21, 30, 68),
(21, 31, 25),
(21, 32, 70),
(21, 33, 1),
(21, 34, 53),
(21, 35, 35),
(21, 36, 86),
(21, 37, 33),
(21, 38, 88),
(21, 39, 13),
(21, 40, 19),
(21, 41, 20),
(21, 42, 2),
(21, 43, 96),
(21, 44, 34),
(21, 45, 24),
(21, 46, 78),
(21, 47, 55),
(21, 48, 51),
(21, 49, 19),
(21, 50, 27),
(21, 51, 14),
(21, 52, 68),
(21, 53, 57),
(21, 54, 83),
(21, 55, 51),
(21, 56, 66),
(21, 57, 95),
(21, 58, 8),
(21, 59, 67),
(21, 60, 4),
(21, 61, 70),
(21, 62, 1),
(21, 63, 32),
(21, 64, 6),
(21, 65, 60),
(21, 66, 7),
(21, 67, 28),
(21, 68, 98),
(21, 69, 62),
(21, 70, 61),
(21, 71, 37),
(21, 72, 40),
(21, 73, 26),
(21, 74, 27),
(21, 75, 40),
(21, 76, 89),
(21, 77, 88),
(21, 78, 60),
(21, 79, 58),
(21, 80, 1),
(21, 81, 97),
(21, 82, 75),
(21, 83, 66),
(21, 84, 25),
(21, 85, 25),
(21, 86, 42),
(21, 87, 77),
(21, 88, 29),
(21, 89, 9),
(21, 90, 55),
(21, 91, 87),
(21, 92, 97),
(21, 93, 13),
(21, 94, 82),
(21, 95, 27),
(21, 96, 66),
(21, 97, 25),
(21, 98, 62),
(21, 99, 44),
(21, 100, 73),
(21, 101, 5),
(21, 102, 20),
(21, 103, 19),
(21, 104, 26),
(21, 105, 99),
(21, 106, 39),
(21, 107, 64),
(21, 108, 36),
(21, 109, 41),
(21, 110, 68),
(21, 111, 22),
(21, 112, 21),
(21, 113, 89),
(21, 114, 87),
(21, 115, 35),
(21, 116, 25),
(21, 117, 100),
(21, 118, 31),
(21, 119, 49),
(21, 120, 55),
(21, 121, 72),
(21, 122, 43),
(21, 123, 85),
(21, 124, 1),
(21, 125, 100),
(21, 126, 98),
(21, 127, 1),
(21, 128, 15),
(21, 129, 17),
(21, 130, 62),
(21, 131, 57),
(21, 132, 79),
(21, 133, 75),
(21, 134, 97),
(21, 135, 32),
(21, 136, 9),
(21, 137, 78),
(21, 138, 29),
(21, 139, 87),
(21, 140, 14),
(21, 141, 96),
(21, 142, 5),
(21, 143, 5),
(21, 144, 81),
(21, 145, 71),
(21, 146, 33),
(21, 147, 67),
(21, 148, 92),
(21, 149, 95),
(21, 150, 67),
(21, 151, 77),
(21, 152, 55),
(21, 153, 45),
(21, 154, 26),
(21, 155, 29),
(21, 156, 70),
(21, 157, 88),
(21, 158, 76),
(21, 159, 34),
(21, 160, 66),
(21, 161, 85),
(21, 162, 37),
(21, 163, 94),
(21, 164, 78),
(21, 165, 71),
(21, 166, 42),
(21, 167, 91),
(21, 168, 50),
(21, 169, 99),
(21, 170, 19),
(21, 171, 5),
(21, 172, 49),
(21, 173, 36),
(21, 174, 93),
(21, 175, 22),
(21, 176, 11),
(21, 177, 57),
(21, 178, 90),
(21, 179, 44),
(21, 180, 3),
(21, 181, 91),
(21, 182, 70),
(21, 183, 49),
(21, 184, 29),
(21, 185, 83),
(21, 186, 84),
(21, 187, 80),
(21, 188, 47),
(21, 189, 54),
(21, 190, 1),
(21, 191, 36),
(21, 192, 87),
(21, 193, 95),
(21, 194, 57),
(21, 195, 98),
(21, 196, 73),
(21, 197, 95),
(21, 198, 1),
(21, 199, 23),
(21, 200, 88),
(21, 201, 88),
(21, 202, 97),
(21, 203, 63),
(21, 204, 88),
(21, 205, 92),
(21, 206, 13),
(21, 207, 72),
(21, 208, 6),
(21, 209, 19),
(21, 210, 37),
(21, 211, 46),
(21, 212, 66),
(21, 213, 17),
(21, 214, 49),
(21, 215, 95),
(21, 216, 21),
(21, 217, 75),
(21, 218, 49),
(21, 219, 79),
(21, 220, 52),
(22, 21, 73),
(22, 22, 59),
(22, 23, 12),
(22, 24, 100),
(22, 25, 34),
(22, 26, 39),
(22, 27, 13),
(22, 28, 100),
(22, 29, 24),
(22, 30, 24),
(22, 31, 38),
(22, 32, 10),
(22, 33, 28),
(22, 34, 100),
(22, 35, 51),
(22, 36, 97),
(22, 37, 23),
(22, 38, 21),
(22, 39, 39),
(22, 40, 12),
(22, 41, 40),
(22, 42, 93),
(22, 43, 19),
(22, 44, 62),
(22, 45, 91),
(22, 46, 25),
(22, 47, 27),
(22, 48, 19),
(22, 49, 13),
(22, 50, 2),
(22, 51, 29),
(22, 52, 86),
(22, 53, 93),
(22, 54, 16),
(22, 55, 46),
(22, 56, 3),
(22, 57, 94),
(22, 58, 79),
(22, 59, 93),
(22, 60, 91),
(22, 61, 24),
(22, 62, 21),
(22, 63, 72),
(22, 64, 22),
(22, 65, 99),
(22, 66, 76),
(22, 67, 94),
(22, 68, 85),
(22, 69, 45),
(22, 70, 82),
(22, 71, 52),
(22, 72, 0),
(22, 73, 2),
(22, 74, 67),
(22, 75, 41),
(22, 76, 87),
(22, 77, 95),
(22, 78, 77),
(22, 79, 53),
(22, 80, 36),
(22, 81, 42),
(22, 82, 76),
(22, 83, 34),
(22, 84, 20),
(22, 85, 91),
(22, 86, 26),
(22, 87, 36),
(22, 88, 8),
(22, 89, 54),
(22, 90, 5),
(22, 91, 14),
(22, 92, 78),
(22, 93, 98),
(22, 94, 70),
(22, 95, 95),
(22, 96, 62),
(22, 97, 91),
(22, 98, 68),
(22, 99, 53),
(22, 100, 80),
(22, 101, 49),
(22, 102, 15),
(22, 103, 9),
(22, 104, 13),
(22, 105, 5),
(22, 106, 65),
(22, 107, 5),
(22, 108, 73),
(22, 109, 77),
(22, 110, 2),
(22, 111, 63),
(22, 112, 84),
(22, 113, 37),
(22, 114, 55),
(22, 115, 68),
(22, 116, 29),
(22, 117, 77),
(22, 118, 49),
(22, 119, 76),
(22, 120, 11),
(22, 121, 14),
(22, 122, 62),
(22, 123, 62),
(22, 124, 1),
(22, 125, 48),
(22, 126, 17),
(22, 127, 59),
(22, 128, 37);
INSERT INTO `assessment_student` (`AssessmentID`, `StudentID`, `Score`) VALUES
(22, 129, 70),
(22, 130, 4),
(22, 131, 7),
(22, 132, 82),
(22, 133, 11),
(22, 134, 15),
(22, 135, 67),
(22, 136, 56),
(22, 137, 2),
(22, 138, 89),
(22, 139, 71),
(22, 140, 24),
(22, 141, 49),
(22, 142, 98),
(22, 143, 9),
(22, 144, 17),
(22, 145, 75),
(22, 146, 60),
(22, 147, 35),
(22, 148, 74),
(22, 149, 55),
(22, 150, 58),
(22, 151, 74),
(22, 152, 1),
(22, 153, 82),
(22, 154, 64),
(22, 155, 41),
(22, 156, 16),
(22, 157, 26),
(22, 158, 34),
(22, 159, 58),
(22, 160, 58),
(22, 161, 54),
(22, 162, 100),
(22, 163, 76),
(22, 164, 24),
(22, 165, 30),
(22, 166, 28),
(22, 167, 79),
(22, 168, 39),
(22, 169, 53),
(22, 170, 96),
(22, 171, 30),
(22, 172, 46),
(22, 173, 62),
(22, 174, 45),
(22, 175, 20),
(22, 176, 30),
(22, 177, 96),
(22, 178, 15),
(22, 179, 72),
(22, 180, 17),
(22, 181, 7),
(22, 182, 76),
(22, 183, 62),
(22, 184, 17),
(22, 185, 95),
(22, 186, 84),
(22, 187, 7),
(22, 188, 43),
(22, 189, 27),
(22, 190, 5),
(22, 191, 69),
(22, 192, 23),
(22, 193, 81),
(22, 194, 34),
(22, 195, 8),
(22, 196, 91),
(22, 197, 54),
(22, 198, 55),
(22, 199, 80),
(22, 200, 11),
(22, 201, 30),
(22, 202, 95),
(22, 203, 85),
(22, 204, 46),
(22, 205, 5),
(22, 206, 28),
(22, 207, 71),
(22, 208, 90),
(22, 209, 39),
(22, 210, 92),
(22, 211, 76),
(22, 212, 32),
(22, 213, 50),
(22, 214, 61),
(22, 215, 6),
(22, 216, 40),
(22, 217, 27),
(22, 218, 94),
(22, 219, 20),
(22, 220, 6),
(23, 21, 32),
(23, 22, 19),
(23, 23, 55),
(23, 24, 80),
(23, 25, 25),
(23, 26, 89),
(23, 27, 53),
(23, 28, 39),
(23, 29, 79),
(23, 30, 2),
(23, 31, 79),
(23, 32, 56),
(23, 33, 63),
(23, 34, 50),
(23, 35, 46),
(23, 36, 78),
(23, 37, 74),
(23, 38, 1),
(23, 39, 40),
(23, 40, 87),
(23, 41, 99),
(23, 42, 45),
(23, 43, 56),
(23, 44, 14),
(23, 45, 32),
(23, 46, 45),
(23, 47, 30),
(23, 48, 73),
(23, 49, 65),
(23, 50, 42),
(23, 51, 52),
(23, 52, 74),
(23, 53, 81),
(23, 54, 84),
(23, 55, 43),
(23, 56, 21),
(23, 57, 4),
(23, 58, 95),
(23, 59, 28),
(23, 60, 39),
(23, 61, 72),
(23, 62, 60),
(23, 63, 75),
(23, 64, 76),
(23, 65, 100),
(23, 66, 2),
(23, 67, 63),
(23, 68, 29),
(23, 69, 98),
(23, 70, 60),
(23, 71, 5),
(23, 72, 82),
(23, 73, 10),
(23, 74, 43),
(23, 75, 23),
(23, 76, 86),
(23, 77, 14),
(23, 78, 33),
(23, 79, 3),
(23, 80, 4),
(23, 81, 97),
(23, 82, 81),
(23, 83, 73),
(23, 84, 73),
(23, 85, 78),
(23, 86, 70),
(23, 87, 73),
(23, 88, 69),
(23, 89, 69),
(23, 90, 12),
(23, 91, 56),
(23, 92, 95),
(23, 93, 14),
(23, 94, 10),
(23, 95, 38),
(23, 96, 87),
(23, 97, 41),
(23, 98, 35),
(23, 99, 11),
(23, 100, 53),
(23, 101, 79),
(23, 102, 42),
(23, 103, 1),
(23, 104, 64),
(23, 105, 72),
(23, 106, 20),
(23, 107, 40),
(23, 108, 80),
(23, 109, 42),
(23, 110, 91),
(23, 111, 17),
(23, 112, 34),
(23, 113, 6),
(23, 114, 45),
(23, 115, 66),
(23, 116, 39),
(23, 117, 79),
(23, 118, 67),
(23, 119, 64),
(23, 120, 76),
(23, 121, 64),
(23, 122, 14),
(23, 123, 20),
(23, 124, 78),
(23, 125, 92),
(23, 126, 94),
(23, 127, 24),
(23, 128, 48),
(23, 129, 76),
(23, 130, 79),
(23, 131, 35),
(23, 132, 23),
(23, 133, 94),
(23, 134, 44),
(23, 135, 14),
(23, 136, 90),
(23, 137, 13),
(23, 138, 59),
(23, 139, 42),
(23, 140, 97),
(23, 141, 73),
(23, 142, 0),
(23, 143, 52),
(23, 144, 22),
(23, 145, 94),
(23, 146, 36),
(23, 147, 66),
(23, 148, 68),
(23, 149, 13),
(23, 150, 51),
(23, 151, 11),
(23, 152, 55),
(23, 153, 30),
(23, 154, 81),
(23, 155, 52),
(23, 156, 41),
(23, 157, 20),
(23, 158, 79),
(23, 159, 30),
(23, 160, 43),
(23, 161, 93),
(23, 162, 17),
(23, 163, 91),
(23, 164, 39),
(23, 165, 84),
(23, 166, 34),
(23, 167, 17),
(23, 168, 34),
(23, 169, 26),
(23, 170, 57),
(23, 171, 8),
(23, 172, 83),
(23, 173, 89),
(23, 174, 80),
(23, 175, 33),
(23, 176, 57),
(23, 177, 11),
(23, 178, 72),
(23, 179, 62),
(23, 180, 85),
(23, 181, 73),
(23, 182, 11),
(23, 183, 10),
(23, 184, 12),
(23, 185, 25),
(23, 186, 20),
(23, 187, 24),
(23, 188, 5),
(23, 189, 13),
(23, 190, 60),
(23, 191, 50),
(23, 192, 14),
(23, 193, 35),
(23, 194, 2),
(23, 195, 82),
(23, 196, 1),
(23, 197, 83),
(23, 198, 88),
(23, 199, 45),
(23, 200, 98),
(23, 201, 37),
(23, 202, 44),
(23, 203, 8),
(23, 204, 84),
(23, 205, 73),
(23, 206, 38),
(23, 207, 62),
(23, 208, 70),
(23, 209, 8),
(23, 210, 81),
(23, 211, 5),
(23, 212, 55),
(23, 213, 54),
(23, 214, 34),
(23, 215, 30),
(23, 216, 65),
(23, 217, 81),
(23, 218, 14),
(23, 219, 89),
(23, 220, 35),
(24, 21, 23),
(24, 22, 16),
(24, 23, 15),
(24, 24, 16),
(24, 25, 76),
(24, 26, 34),
(24, 27, 55),
(24, 28, 91),
(24, 29, 81),
(24, 30, 6),
(24, 31, 27),
(24, 32, 94),
(24, 33, 67),
(24, 34, 4),
(24, 35, 1),
(24, 36, 15),
(24, 37, 81),
(24, 38, 7),
(24, 39, 24),
(24, 40, 86),
(24, 41, 68),
(24, 42, 22),
(24, 43, 77),
(24, 44, 12),
(24, 45, 24),
(24, 46, 10),
(24, 47, 20),
(24, 48, 63),
(24, 49, 29),
(24, 50, 33),
(24, 51, 48),
(24, 52, 32),
(24, 53, 79),
(24, 54, 22),
(24, 55, 92),
(24, 56, 51),
(24, 57, 49),
(24, 58, 99),
(24, 59, 58),
(24, 60, 0),
(24, 61, 82),
(24, 62, 74),
(24, 63, 16),
(24, 64, 18),
(24, 65, 90),
(24, 66, 65),
(24, 67, 62),
(24, 68, 88),
(24, 69, 49),
(24, 70, 18),
(24, 71, 98),
(24, 72, 54),
(24, 73, 11),
(24, 74, 55),
(24, 75, 51),
(24, 76, 47),
(24, 77, 81),
(24, 78, 55),
(24, 79, 31),
(24, 80, 90),
(24, 81, 22),
(24, 82, 71),
(24, 83, 3),
(24, 84, 41),
(24, 85, 93),
(24, 86, 64),
(24, 87, 30),
(24, 88, 52),
(24, 89, 26),
(24, 90, 65),
(24, 91, 26),
(24, 92, 12),
(24, 93, 8),
(24, 94, 1),
(24, 95, 54),
(24, 96, 73),
(24, 97, 51),
(24, 98, 74),
(24, 99, 51),
(24, 100, 46),
(24, 101, 82),
(24, 102, 0),
(24, 103, 50),
(24, 104, 35),
(24, 105, 49),
(24, 106, 65),
(24, 107, 49),
(24, 108, 69),
(24, 109, 4),
(24, 110, 57),
(24, 111, 35),
(24, 112, 83),
(24, 113, 33),
(24, 114, 22),
(24, 115, 0),
(24, 116, 98),
(24, 117, 39),
(24, 118, 23),
(24, 119, 35),
(24, 120, 30),
(24, 121, 9),
(24, 122, 34),
(24, 123, 83),
(24, 124, 32),
(24, 125, 88),
(24, 126, 57),
(24, 127, 28),
(24, 128, 45),
(24, 129, 93),
(24, 130, 98),
(24, 131, 24),
(24, 132, 96),
(24, 133, 42),
(24, 134, 34),
(24, 135, 36),
(24, 136, 42),
(24, 137, 49),
(24, 138, 47),
(24, 139, 79),
(24, 140, 12),
(24, 141, 5),
(24, 142, 41),
(24, 143, 54),
(24, 144, 4),
(24, 145, 15),
(24, 146, 4),
(24, 147, 48),
(24, 148, 91),
(24, 149, 25),
(24, 150, 49),
(24, 151, 3),
(24, 152, 60),
(24, 153, 46),
(24, 154, 24),
(24, 155, 61),
(24, 156, 59),
(24, 157, 40),
(24, 158, 69),
(24, 159, 99),
(24, 160, 77),
(24, 161, 5),
(24, 162, 59),
(24, 163, 60),
(24, 164, 69),
(24, 165, 80),
(24, 166, 21),
(24, 167, 95),
(24, 168, 15),
(24, 169, 58),
(24, 170, 91),
(24, 171, 60),
(24, 172, 29),
(24, 173, 45),
(24, 174, 30),
(24, 175, 31),
(24, 176, 13),
(24, 177, 25),
(24, 178, 66),
(24, 179, 21),
(24, 180, 33),
(24, 181, 51),
(24, 182, 77),
(24, 183, 19),
(24, 184, 61),
(24, 185, 32),
(24, 186, 11),
(24, 187, 31),
(24, 188, 63),
(24, 189, 55),
(24, 190, 7),
(24, 191, 49),
(24, 192, 86),
(24, 193, 38),
(24, 194, 76),
(24, 195, 87),
(24, 196, 65),
(24, 197, 22),
(24, 198, 65),
(24, 199, 41),
(24, 200, 94),
(24, 201, 44),
(24, 202, 30),
(24, 203, 65),
(24, 204, 12),
(24, 205, 22),
(24, 206, 34),
(24, 207, 25),
(24, 208, 50),
(24, 209, 89),
(24, 210, 91),
(24, 211, 33),
(24, 212, 0),
(24, 213, 71),
(24, 214, 37),
(24, 215, 7),
(24, 216, 95),
(24, 217, 42),
(24, 218, 69),
(24, 219, 14),
(24, 220, 78),
(25, 21, 53),
(25, 22, 85),
(25, 23, 100),
(25, 24, 42),
(25, 25, 39),
(25, 26, 87),
(25, 27, 54),
(25, 28, 26),
(25, 29, 79),
(25, 30, 32),
(25, 31, 44),
(25, 32, 96),
(25, 33, 81),
(25, 34, 98),
(25, 35, 17),
(25, 36, 45),
(25, 37, 56),
(25, 38, 54),
(25, 39, 79),
(25, 40, 40),
(25, 41, 59),
(25, 42, 83),
(25, 43, 77),
(25, 44, 66),
(25, 45, 70),
(25, 46, 5),
(25, 47, 61),
(25, 48, 35),
(25, 49, 99),
(25, 50, 28),
(25, 51, 46),
(25, 52, 94),
(25, 53, 81),
(25, 54, 25),
(25, 55, 72),
(25, 56, 21),
(25, 57, 78),
(25, 58, 22),
(25, 59, 52),
(25, 60, 41),
(25, 61, 58),
(25, 62, 70),
(25, 63, 57),
(25, 64, 45),
(25, 65, 38),
(25, 66, 60),
(25, 67, 19),
(25, 68, 82),
(25, 69, 75),
(25, 70, 1),
(25, 71, 11),
(25, 72, 97),
(25, 73, 65),
(25, 74, 14),
(25, 75, 30),
(25, 76, 70),
(25, 77, 49),
(25, 78, 77),
(25, 79, 90),
(25, 80, 44),
(25, 81, 8),
(25, 82, 56),
(25, 83, 59),
(25, 84, 61),
(25, 85, 57),
(25, 86, 66),
(25, 87, 31),
(25, 88, 96),
(25, 89, 94),
(25, 90, 40),
(25, 91, 57),
(25, 92, 23),
(25, 93, 44),
(25, 94, 43),
(25, 95, 53),
(25, 96, 49),
(25, 97, 45),
(25, 98, 93),
(25, 99, 19),
(25, 100, 50),
(25, 101, 40),
(25, 102, 12),
(25, 103, 75),
(25, 104, 43),
(25, 105, 35),
(25, 106, 69),
(25, 107, 67),
(25, 108, 99),
(25, 109, 83),
(25, 110, 62),
(25, 111, 0),
(25, 112, 98),
(25, 113, 13),
(25, 114, 29),
(25, 115, 99),
(25, 116, 32),
(25, 117, 35),
(25, 118, 22),
(25, 119, 18),
(25, 120, 5),
(25, 121, 28),
(25, 122, 39),
(25, 123, 92),
(25, 124, 25),
(25, 125, 56),
(25, 126, 56),
(25, 127, 82),
(25, 128, 95),
(25, 129, 85),
(25, 130, 41),
(25, 131, 37),
(25, 132, 98),
(25, 133, 90),
(25, 134, 81),
(25, 135, 57),
(25, 136, 44),
(25, 137, 5),
(25, 138, 83),
(25, 139, 27),
(25, 140, 20),
(25, 141, 21),
(25, 142, 94),
(25, 143, 29),
(25, 144, 75),
(25, 145, 94),
(25, 146, 10),
(25, 147, 61),
(25, 148, 9),
(25, 149, 6),
(25, 150, 83),
(25, 151, 30),
(25, 152, 10),
(25, 153, 41),
(25, 154, 55),
(25, 155, 79),
(25, 156, 86),
(25, 157, 29),
(25, 158, 11),
(25, 159, 59),
(25, 160, 65),
(25, 161, 34),
(25, 162, 34),
(25, 163, 94),
(25, 164, 84),
(25, 165, 67),
(25, 166, 7),
(25, 167, 13),
(25, 168, 48),
(25, 169, 57),
(25, 170, 91),
(25, 171, 79),
(25, 172, 65),
(25, 173, 98),
(25, 174, 63),
(25, 175, 37),
(25, 176, 98),
(25, 177, 51),
(25, 178, 73),
(25, 179, 96),
(25, 180, 31),
(25, 181, 9),
(25, 182, 100),
(25, 183, 55),
(25, 184, 19),
(25, 185, 47),
(25, 186, 21),
(25, 187, 69),
(25, 188, 77),
(25, 189, 59),
(25, 190, 12),
(25, 191, 37),
(25, 192, 82),
(25, 193, 18),
(25, 194, 16),
(25, 195, 34),
(25, 196, 75),
(25, 197, 17),
(25, 198, 79),
(25, 199, 22),
(25, 200, 66),
(25, 201, 2),
(25, 202, 9),
(25, 203, 91),
(25, 204, 87),
(25, 205, 79),
(25, 206, 31),
(25, 207, 66),
(25, 208, 13),
(25, 209, 60),
(25, 210, 10),
(25, 211, 76),
(25, 212, 27),
(25, 213, 36),
(25, 214, 90),
(25, 215, 35),
(25, 216, 84),
(25, 217, 93),
(25, 218, 83),
(25, 219, 54),
(25, 220, 54),
(26, 21, 79),
(26, 22, 15),
(26, 23, 17),
(26, 24, 11),
(26, 25, 49),
(26, 26, 50),
(26, 27, 74),
(26, 28, 22),
(26, 29, 41),
(26, 30, 19),
(26, 31, 23),
(26, 32, 99),
(26, 33, 38),
(26, 34, 14),
(26, 35, 56),
(26, 36, 87),
(26, 37, 5),
(26, 38, 5),
(26, 39, 35),
(26, 40, 55),
(26, 41, 62),
(26, 42, 90),
(26, 43, 5),
(26, 44, 8),
(26, 45, 70),
(26, 46, 58),
(26, 47, 80),
(26, 48, 6),
(26, 49, 85),
(26, 50, 3),
(26, 51, 11),
(26, 52, 77),
(26, 53, 13),
(26, 54, 86),
(26, 55, 38),
(26, 56, 69),
(26, 57, 63),
(26, 58, 30),
(26, 59, 61),
(26, 60, 35),
(26, 61, 49),
(26, 62, 79),
(26, 63, 10),
(26, 64, 29),
(26, 65, 71),
(26, 66, 26),
(26, 67, 35),
(26, 68, 58),
(26, 69, 93),
(26, 70, 4),
(26, 71, 86),
(26, 72, 33),
(26, 73, 59),
(26, 74, 71),
(26, 75, 70),
(26, 76, 88),
(26, 77, 36),
(26, 78, 17),
(26, 79, 80),
(26, 80, 98),
(26, 81, 91),
(26, 82, 69),
(26, 83, 36),
(26, 84, 51),
(26, 85, 41),
(26, 86, 58),
(26, 87, 35),
(26, 88, 81),
(26, 89, 78),
(26, 90, 65),
(26, 91, 25),
(26, 92, 50),
(26, 93, 39),
(26, 94, 30),
(26, 95, 31),
(26, 96, 25),
(26, 97, 77),
(26, 98, 98),
(26, 99, 13),
(26, 100, 66),
(26, 101, 8),
(26, 102, 59),
(26, 103, 17),
(26, 104, 6),
(26, 105, 84),
(26, 106, 73),
(26, 107, 48),
(26, 108, 91),
(26, 109, 55),
(26, 110, 70),
(26, 111, 64),
(26, 112, 8),
(26, 113, 17),
(26, 114, 95),
(26, 115, 60),
(26, 116, 95),
(26, 117, 78),
(26, 118, 87),
(26, 119, 65),
(26, 120, 61),
(26, 121, 61),
(26, 122, 97),
(26, 123, 76),
(26, 124, 5),
(26, 125, 31),
(26, 126, 61),
(26, 127, 79),
(26, 128, 29),
(26, 129, 17),
(26, 130, 6),
(26, 131, 12),
(26, 132, 50),
(26, 133, 97),
(26, 134, 48),
(26, 135, 69),
(26, 136, 92),
(26, 137, 93),
(26, 138, 68),
(26, 139, 80),
(26, 140, 25),
(26, 141, 24),
(26, 142, 99),
(26, 143, 16),
(26, 144, 27),
(26, 145, 89),
(26, 146, 8),
(26, 147, 30),
(26, 148, 98),
(26, 149, 8),
(26, 150, 6),
(26, 151, 39),
(26, 152, 26),
(26, 153, 45),
(26, 154, 2),
(26, 155, 81),
(26, 156, 39),
(26, 157, 24),
(26, 158, 78),
(26, 159, 72),
(26, 160, 88),
(26, 161, 33),
(26, 162, 29),
(26, 163, 66),
(26, 164, 62),
(26, 165, 67),
(26, 166, 42),
(26, 167, 36),
(26, 168, 48),
(26, 169, 14),
(26, 170, 49),
(26, 171, 59),
(26, 172, 16),
(26, 173, 78),
(26, 174, 75),
(26, 175, 46),
(26, 176, 93),
(26, 177, 76),
(26, 178, 66),
(26, 179, 6),
(26, 180, 82),
(26, 181, 0),
(26, 182, 30),
(26, 183, 99),
(26, 184, 50),
(26, 185, 83),
(26, 186, 59),
(26, 187, 78),
(26, 188, 95),
(26, 189, 26),
(26, 190, 68),
(26, 191, 63),
(26, 192, 90),
(26, 193, 80),
(26, 194, 62),
(26, 195, 61),
(26, 196, 2),
(26, 197, 92),
(26, 198, 82),
(26, 199, 60),
(26, 200, 32),
(26, 201, 0),
(26, 202, 85),
(26, 203, 96),
(26, 204, 15),
(26, 205, 66),
(26, 206, 6),
(26, 207, 8),
(26, 208, 28),
(26, 209, 76),
(26, 210, 15),
(26, 211, 73),
(26, 212, 88),
(26, 213, 33),
(26, 214, 41),
(26, 215, 27),
(26, 216, 67),
(26, 217, 89),
(26, 218, 87),
(26, 219, 83),
(26, 220, 21),
(27, 21, 50),
(27, 22, 63),
(27, 23, 56),
(27, 24, 15),
(27, 25, 82),
(27, 27, 16),
(27, 28, 87),
(27, 29, 61),
(27, 31, 93),
(27, 32, 86),
(27, 33, 0),
(27, 35, 39),
(27, 36, 62),
(27, 37, 45),
(27, 38, 25),
(27, 39, 15),
(27, 40, 54),
(27, 41, 85),
(27, 42, 25),
(27, 43, 31),
(27, 44, 12),
(27, 45, 99),
(27, 46, 22),
(27, 47, 73),
(27, 48, 71),
(27, 49, 2),
(27, 50, 19),
(27, 51, 20),
(27, 52, 100),
(27, 53, 2),
(27, 54, 3),
(27, 56, 25),
(27, 57, 29),
(27, 58, 30),
(27, 59, 80),
(27, 60, 84),
(27, 61, 79),
(27, 62, 39),
(27, 63, 71),
(27, 64, 30),
(27, 65, 12),
(27, 66, 1),
(27, 67, 2),
(27, 68, 25),
(27, 69, 11),
(27, 70, 90),
(27, 71, 88),
(27, 73, 92),
(27, 75, 65),
(27, 76, 53),
(27, 77, 43),
(27, 78, 5),
(27, 79, 21),
(27, 80, 83),
(27, 81, 94),
(27, 82, 5),
(27, 83, 69),
(27, 84, 46),
(27, 85, 20),
(27, 86, 52),
(27, 87, 61),
(27, 88, 72),
(27, 89, 23),
(27, 90, 84),
(27, 91, 2),
(27, 92, 60),
(27, 93, 26),
(27, 94, 46),
(27, 95, 65),
(27, 96, 15),
(27, 97, 32),
(27, 98, 42),
(27, 99, 56),
(27, 100, 27),
(27, 101, 56),
(27, 102, 29),
(27, 103, 47),
(27, 104, 80),
(27, 105, 73),
(27, 106, 21),
(27, 107, 54),
(27, 108, 4),
(27, 109, 20),
(27, 110, 81),
(27, 111, 30),
(27, 112, 76),
(27, 113, 82),
(27, 114, 46),
(27, 115, 8),
(27, 116, 67),
(27, 117, 28),
(27, 118, 4),
(27, 119, 0),
(27, 120, 29),
(27, 121, 43),
(27, 122, 16),
(27, 123, 86),
(27, 124, 15),
(27, 125, 84),
(27, 126, 68),
(27, 127, 81),
(27, 128, 87),
(27, 129, 81),
(27, 130, 79),
(27, 131, 60),
(27, 132, 61),
(27, 133, 3),
(27, 134, 9),
(27, 135, 35),
(27, 136, 53),
(27, 137, 65),
(27, 138, 81),
(27, 139, 87),
(27, 140, 10),
(27, 141, 74),
(27, 142, 1),
(27, 143, 47),
(27, 144, 86),
(27, 145, 37),
(27, 146, 96),
(27, 147, 6),
(27, 148, 37),
(27, 149, 18),
(27, 150, 44),
(27, 151, 7),
(27, 152, 21),
(27, 153, 52),
(27, 154, 3),
(27, 155, 73),
(27, 156, 66),
(27, 157, 35),
(27, 158, 76),
(27, 159, 4),
(27, 160, 82),
(27, 161, 17),
(27, 162, 29),
(27, 163, 35),
(27, 164, 37),
(27, 165, 22),
(27, 166, 86),
(27, 167, 54),
(27, 168, 39),
(27, 169, 97),
(27, 170, 6),
(27, 171, 43),
(27, 172, 1),
(27, 173, 98),
(27, 174, 46),
(27, 175, 95),
(27, 176, 90),
(27, 177, 100),
(27, 178, 23),
(27, 179, 68),
(27, 180, 42),
(27, 181, 48),
(27, 182, 7),
(27, 183, 84),
(27, 184, 11),
(27, 186, 23),
(27, 187, 75),
(27, 188, 66),
(27, 189, 13),
(27, 190, 98),
(27, 192, 45),
(27, 193, 10),
(27, 194, 27),
(27, 196, 31),
(27, 197, 4),
(27, 198, 24),
(27, 199, 36),
(27, 200, 35),
(27, 201, 88),
(27, 202, 33),
(27, 203, 10),
(27, 207, 13),
(27, 208, 89),
(27, 210, 76),
(27, 211, 63),
(27, 212, 100),
(27, 213, 51),
(27, 214, 43),
(27, 215, 55),
(27, 217, 52),
(27, 219, 70),
(27, 220, 4),
(28, 21, 33),
(28, 22, 32),
(28, 23, 51),
(28, 24, 32),
(28, 25, 24),
(28, 27, 41),
(28, 28, 0),
(28, 29, 16),
(28, 31, 100),
(28, 32, 34),
(28, 33, 77),
(28, 35, 0),
(28, 36, 21),
(28, 37, 23),
(28, 38, 20),
(28, 39, 26),
(28, 40, 63),
(28, 41, 40),
(28, 42, 14),
(28, 43, 42),
(28, 44, 84),
(28, 45, 19),
(28, 46, 87),
(28, 47, 8),
(28, 48, 16),
(28, 49, 59),
(28, 50, 75),
(28, 51, 99),
(28, 52, 97),
(28, 53, 47),
(28, 54, 43),
(28, 56, 97),
(28, 57, 71),
(28, 58, 9),
(28, 59, 25),
(28, 60, 29),
(28, 61, 10),
(28, 62, 43),
(28, 63, 40),
(28, 64, 43),
(28, 65, 57),
(28, 66, 17),
(28, 67, 83),
(28, 68, 34),
(28, 69, 59),
(28, 70, 3),
(28, 71, 46),
(28, 73, 34),
(28, 75, 91),
(28, 76, 38),
(28, 77, 21),
(28, 78, 15),
(28, 79, 10),
(28, 80, 47),
(28, 81, 31),
(28, 82, 87),
(28, 83, 21),
(28, 84, 2),
(28, 85, 99),
(28, 86, 98),
(28, 87, 22),
(28, 88, 12),
(28, 89, 89),
(28, 90, 27),
(28, 91, 56),
(28, 92, 23),
(28, 93, 34),
(28, 94, 24),
(28, 95, 58),
(28, 96, 3),
(28, 97, 50),
(28, 98, 95),
(28, 99, 93),
(28, 100, 8),
(28, 101, 93),
(28, 102, 5),
(28, 103, 50),
(28, 104, 91),
(28, 105, 85),
(28, 106, 2),
(28, 107, 63),
(28, 108, 30),
(28, 109, 99),
(28, 110, 46),
(28, 111, 86),
(28, 112, 56),
(28, 113, 28),
(28, 114, 10),
(28, 115, 89),
(28, 116, 55),
(28, 117, 95),
(28, 118, 17),
(28, 119, 6),
(28, 120, 55),
(28, 121, 81),
(28, 122, 31),
(28, 123, 32),
(28, 124, 57),
(28, 125, 88),
(28, 126, 98),
(28, 127, 0),
(28, 128, 92),
(28, 129, 94),
(28, 130, 44),
(28, 131, 72),
(28, 132, 65),
(28, 133, 66),
(28, 134, 72),
(28, 135, 95),
(28, 136, 81),
(28, 137, 55),
(28, 138, 74),
(28, 139, 69),
(28, 140, 21),
(28, 141, 11),
(28, 142, 84),
(28, 143, 57),
(28, 144, 87),
(28, 145, 41),
(28, 146, 45),
(28, 147, 81),
(28, 148, 78),
(28, 149, 24),
(28, 150, 47),
(28, 151, 38),
(28, 152, 27),
(28, 153, 8),
(28, 154, 98),
(28, 155, 31),
(28, 156, 92),
(28, 157, 47),
(28, 158, 7),
(28, 159, 4),
(28, 160, 88),
(28, 161, 3),
(28, 162, 31),
(28, 163, 6),
(28, 164, 47),
(28, 165, 1),
(28, 166, 93),
(28, 167, 0),
(28, 168, 16),
(28, 169, 14),
(28, 170, 52),
(28, 171, 93),
(28, 172, 97),
(28, 173, 30),
(28, 174, 76),
(28, 175, 67),
(28, 176, 92),
(28, 177, 60),
(28, 178, 73),
(28, 179, 88),
(28, 180, 52),
(28, 181, 19),
(28, 182, 38),
(28, 183, 80),
(28, 184, 69),
(28, 186, 13),
(28, 187, 33),
(28, 188, 45),
(28, 189, 72),
(28, 190, 94),
(28, 192, 24),
(28, 193, 60),
(28, 194, 23),
(28, 196, 67),
(28, 197, 99),
(28, 198, 95),
(28, 199, 24),
(28, 200, 20),
(28, 201, 62),
(28, 202, 20),
(28, 203, 22),
(28, 207, 49),
(28, 208, 30),
(28, 210, 40),
(28, 211, 73),
(28, 212, 34),
(28, 213, 34),
(28, 214, 25),
(28, 215, 23),
(28, 217, 11),
(28, 219, 28),
(28, 220, 60),
(29, 21, 81),
(29, 22, 98),
(29, 23, 63),
(29, 24, 27),
(29, 25, 24),
(29, 27, 97),
(29, 28, 59),
(29, 29, 47),
(29, 31, 72),
(29, 32, 41),
(29, 33, 65),
(29, 35, 82),
(29, 36, 31),
(29, 37, 66),
(29, 38, 50),
(29, 39, 34),
(29, 40, 91),
(29, 41, 33),
(29, 42, 5),
(29, 43, 75),
(29, 44, 29),
(29, 45, 18),
(29, 46, 65),
(29, 47, 34),
(29, 48, 57),
(29, 49, 26),
(29, 50, 6),
(29, 51, 77),
(29, 52, 57),
(29, 53, 82),
(29, 54, 32),
(29, 56, 82),
(29, 57, 27),
(29, 58, 42),
(29, 59, 14),
(29, 60, 43),
(29, 61, 30),
(29, 62, 81),
(29, 63, 57),
(29, 64, 83),
(29, 65, 91),
(29, 66, 61),
(29, 67, 95),
(29, 68, 71),
(29, 69, 64),
(29, 70, 63),
(29, 71, 82),
(29, 73, 6),
(29, 75, 48),
(29, 76, 51),
(29, 77, 36),
(29, 78, 79),
(29, 79, 37),
(29, 80, 30),
(29, 81, 45),
(29, 82, 84),
(29, 83, 100),
(29, 84, 49),
(29, 85, 78),
(29, 86, 12),
(29, 87, 76),
(29, 88, 90),
(29, 89, 48),
(29, 90, 26),
(29, 91, 9),
(29, 92, 60),
(29, 93, 87),
(29, 94, 3),
(29, 95, 23),
(29, 96, 67),
(29, 97, 55),
(29, 98, 99),
(29, 99, 75),
(29, 100, 28),
(29, 101, 84),
(29, 102, 53),
(29, 103, 60),
(29, 104, 54),
(29, 105, 81),
(29, 106, 8),
(29, 107, 56),
(29, 108, 76),
(29, 109, 10),
(29, 110, 16),
(29, 111, 63),
(29, 112, 67),
(29, 113, 55),
(29, 114, 70),
(29, 115, 46),
(29, 116, 8),
(29, 117, 8),
(29, 118, 51),
(29, 119, 38),
(29, 120, 31),
(29, 121, 67),
(29, 122, 76),
(29, 123, 70),
(29, 124, 18),
(29, 125, 96),
(29, 126, 41),
(29, 127, 35),
(29, 128, 43),
(29, 129, 39),
(29, 130, 37),
(29, 131, 22),
(29, 132, 77),
(29, 133, 64),
(29, 134, 38),
(29, 135, 95),
(29, 136, 85),
(29, 137, 26),
(29, 138, 56),
(29, 139, 99),
(29, 140, 91),
(29, 141, 56),
(29, 142, 54),
(29, 143, 28),
(29, 144, 49),
(29, 145, 3),
(29, 146, 64),
(29, 147, 78),
(29, 148, 36),
(29, 149, 37),
(29, 150, 60),
(29, 151, 18),
(29, 152, 17),
(29, 153, 96),
(29, 154, 11),
(29, 155, 55),
(29, 156, 73),
(29, 157, 17),
(29, 158, 10),
(29, 159, 52),
(29, 160, 24),
(29, 161, 19),
(29, 162, 76),
(29, 163, 38),
(29, 164, 31),
(29, 165, 49),
(29, 166, 61),
(29, 167, 43),
(29, 168, 14),
(29, 169, 77),
(29, 170, 62),
(29, 171, 69),
(29, 172, 76),
(29, 173, 87),
(29, 174, 66),
(29, 175, 21),
(29, 176, 83),
(29, 177, 35),
(29, 178, 65),
(29, 179, 36),
(29, 180, 43),
(29, 181, 75),
(29, 182, 7),
(29, 183, 67),
(29, 184, 83),
(29, 186, 48),
(29, 187, 86),
(29, 188, 7),
(29, 189, 72),
(29, 190, 3),
(29, 192, 25),
(29, 193, 64),
(29, 194, 56),
(29, 196, 51),
(29, 197, 30),
(29, 198, 35),
(29, 199, 85),
(29, 200, 62),
(29, 201, 4),
(29, 202, 38),
(29, 203, 71),
(29, 207, 75),
(29, 208, 80),
(29, 210, 89),
(29, 211, 17),
(29, 212, 60),
(29, 213, 40),
(29, 214, 51),
(29, 215, 74),
(29, 217, 65),
(29, 219, 23),
(29, 220, 15),
(30, 22, 9),
(30, 23, 51),
(30, 24, 0),
(30, 25, 95),
(30, 26, 30),
(30, 28, 11),
(30, 29, 3),
(30, 30, 36),
(30, 31, 85),
(30, 32, 22),
(30, 33, 31),
(30, 34, 44),
(30, 35, 41),
(30, 36, 38),
(30, 37, 15),
(30, 38, 97),
(30, 39, 95),
(30, 41, 30),
(30, 42, 36),
(30, 43, 4),
(30, 44, 4),
(30, 45, 23),
(30, 46, 92),
(30, 47, 67),
(30, 48, 33),
(30, 49, 50),
(30, 50, 67),
(30, 51, 34),
(30, 53, 62),
(30, 54, 9),
(30, 55, 75),
(30, 56, 1),
(30, 57, 59),
(30, 58, 73),
(30, 59, 10),
(30, 60, 41),
(30, 61, 10),
(30, 62, 79),
(30, 63, 61),
(30, 64, 70),
(30, 65, 80),
(30, 66, 45),
(30, 68, 18),
(30, 69, 67),
(30, 70, 27),
(30, 71, 26),
(30, 72, 63),
(30, 73, 3),
(30, 74, 25),
(30, 75, 55),
(30, 76, 47),
(30, 78, 74),
(30, 79, 6),
(30, 80, 52),
(30, 81, 55),
(30, 82, 14),
(30, 83, 29),
(30, 84, 62),
(30, 85, 93),
(30, 86, 88),
(30, 87, 16),
(30, 88, 34),
(30, 89, 3),
(30, 90, 54),
(30, 91, 11),
(30, 92, 40),
(30, 93, 70),
(30, 94, 97),
(30, 95, 66),
(30, 96, 47),
(30, 97, 13),
(30, 98, 92),
(30, 99, 86),
(30, 100, 48),
(30, 101, 42),
(30, 102, 41),
(30, 103, 58),
(30, 104, 33),
(30, 105, 52),
(30, 106, 29),
(30, 107, 33),
(30, 108, 45),
(30, 109, 24),
(30, 110, 55),
(30, 111, 9),
(30, 112, 74),
(30, 113, 96),
(30, 114, 35),
(30, 115, 97),
(30, 116, 6),
(30, 117, 59),
(30, 118, 43),
(30, 119, 66),
(30, 120, 67),
(30, 121, 18),
(30, 122, 4),
(30, 123, 68),
(30, 124, 45),
(30, 125, 33),
(30, 126, 70),
(30, 127, 6),
(30, 128, 17),
(30, 129, 95),
(30, 130, 12),
(30, 131, 5),
(30, 132, 33),
(30, 133, 6),
(30, 134, 77),
(30, 135, 24),
(30, 136, 6),
(30, 137, 56),
(30, 138, 72),
(30, 139, 80),
(30, 140, 45),
(30, 141, 86),
(30, 142, 33),
(30, 143, 64),
(30, 144, 46),
(30, 145, 85),
(30, 146, 10),
(30, 147, 31),
(30, 148, 99),
(30, 149, 60),
(30, 150, 22),
(30, 151, 97),
(30, 152, 64),
(30, 153, 55),
(30, 154, 70),
(30, 155, 49),
(30, 156, 89),
(30, 157, 33),
(30, 158, 47),
(30, 159, 82),
(30, 160, 46),
(30, 161, 96),
(30, 162, 51),
(30, 163, 34),
(30, 164, 52),
(30, 165, 31),
(30, 166, 68),
(30, 167, 5),
(30, 168, 93),
(30, 169, 25),
(30, 170, 36),
(30, 171, 83),
(30, 172, 6),
(30, 173, 58),
(30, 174, 26),
(30, 175, 25),
(30, 176, 55),
(30, 177, 79),
(30, 178, 91),
(30, 179, 58),
(30, 180, 65),
(30, 181, 86),
(30, 183, 72),
(30, 185, 99),
(30, 186, 14),
(30, 187, 55),
(30, 188, 26),
(30, 189, 7),
(30, 190, 54),
(30, 191, 63),
(30, 192, 90),
(30, 193, 39),
(30, 195, 48),
(30, 196, 12),
(30, 197, 21),
(30, 198, 90),
(30, 199, 45),
(30, 200, 73),
(30, 201, 34),
(30, 202, 81),
(30, 203, 82),
(30, 204, 17),
(30, 205, 61),
(30, 207, 90),
(30, 208, 17),
(30, 209, 58),
(30, 212, 53),
(30, 213, 95),
(30, 215, 89),
(30, 216, 80),
(30, 217, 4),
(30, 218, 43),
(30, 219, 51),
(30, 220, 23),
(31, 22, 66),
(31, 23, 39),
(31, 24, 63),
(31, 25, 58),
(31, 26, 39),
(31, 28, 59),
(31, 29, 41),
(31, 30, 13),
(31, 31, 27),
(31, 32, 94),
(31, 33, 86),
(31, 34, 98),
(31, 35, 67),
(31, 36, 84),
(31, 37, 38),
(31, 38, 52),
(31, 39, 46),
(31, 41, 80),
(31, 42, 19),
(31, 43, 39),
(31, 44, 12),
(31, 45, 23),
(31, 46, 56),
(31, 47, 43),
(31, 48, 58),
(31, 49, 41),
(31, 50, 25),
(31, 51, 64),
(31, 53, 11),
(31, 54, 45),
(31, 55, 34),
(31, 56, 23),
(31, 57, 64),
(31, 58, 82),
(31, 59, 62),
(31, 60, 61),
(31, 61, 98),
(31, 62, 94),
(31, 63, 94),
(31, 64, 92),
(31, 65, 29),
(31, 66, 57),
(31, 68, 80),
(31, 69, 24),
(31, 70, 13),
(31, 71, 87),
(31, 72, 9),
(31, 73, 1),
(31, 74, 7),
(31, 75, 15),
(31, 76, 36),
(31, 78, 67),
(31, 79, 84),
(31, 80, 75),
(31, 81, 100),
(31, 82, 17),
(31, 83, 71),
(31, 84, 96),
(31, 85, 63),
(31, 86, 64),
(31, 87, 17),
(31, 88, 17),
(31, 89, 90),
(31, 90, 44),
(31, 91, 76),
(31, 92, 98),
(31, 93, 13),
(31, 94, 49),
(31, 95, 81),
(31, 96, 90),
(31, 97, 2),
(31, 98, 96),
(31, 99, 67),
(31, 100, 55),
(31, 101, 54),
(31, 102, 65),
(31, 103, 30),
(31, 104, 86),
(31, 105, 100),
(31, 106, 18),
(31, 107, 9),
(31, 108, 15),
(31, 109, 82),
(31, 110, 50),
(31, 111, 25),
(31, 112, 26),
(31, 113, 42),
(31, 114, 24),
(31, 115, 89),
(31, 116, 36),
(31, 117, 64),
(31, 118, 60),
(31, 119, 12),
(31, 120, 68),
(31, 121, 95),
(31, 122, 77),
(31, 123, 42),
(31, 124, 61),
(31, 125, 26),
(31, 126, 95),
(31, 127, 92),
(31, 128, 62),
(31, 129, 45),
(31, 130, 22),
(31, 131, 64),
(31, 132, 15),
(31, 133, 84),
(31, 134, 55),
(31, 135, 19),
(31, 136, 33),
(31, 137, 34),
(31, 138, 11),
(31, 139, 32),
(31, 140, 84),
(31, 141, 8),
(31, 142, 57),
(31, 143, 11),
(31, 144, 76),
(31, 145, 19),
(31, 146, 81),
(31, 147, 10),
(31, 148, 73),
(31, 149, 49),
(31, 150, 14),
(31, 151, 59),
(31, 152, 82),
(31, 153, 88),
(31, 154, 96),
(31, 155, 0),
(31, 156, 79),
(31, 157, 41),
(31, 158, 74),
(31, 159, 44),
(31, 160, 27),
(31, 161, 38),
(31, 162, 1),
(31, 163, 46),
(31, 164, 2),
(31, 165, 16),
(31, 166, 68),
(31, 167, 34),
(31, 168, 37),
(31, 169, 99),
(31, 170, 93),
(31, 171, 69),
(31, 172, 49),
(31, 173, 3),
(31, 174, 93),
(31, 175, 69),
(31, 176, 99),
(31, 177, 77),
(31, 178, 86),
(31, 179, 84),
(31, 180, 8),
(31, 181, 62),
(31, 183, 64),
(31, 185, 78),
(31, 186, 92),
(31, 187, 11),
(31, 188, 92),
(31, 189, 23),
(31, 190, 87),
(31, 191, 32),
(31, 192, 52),
(31, 193, 82),
(31, 195, 61),
(31, 196, 57),
(31, 197, 38),
(31, 198, 38),
(31, 199, 49),
(31, 200, 60),
(31, 201, 9),
(31, 202, 15),
(31, 203, 36),
(31, 204, 28),
(31, 205, 7),
(31, 207, 89),
(31, 208, 25),
(31, 209, 57),
(31, 212, 4),
(31, 213, 4),
(31, 215, 86),
(31, 216, 18),
(31, 217, 51),
(31, 218, 29),
(31, 219, 51),
(31, 220, 87),
(32, 21, 36),
(32, 23, 86),
(32, 24, 17),
(32, 25, 13),
(32, 26, 45),
(32, 27, 54),
(32, 28, 55),
(32, 30, 75),
(32, 32, 14),
(32, 33, 37),
(32, 34, 24),
(32, 39, 44),
(32, 40, 55),
(32, 41, 49),
(32, 42, 57),
(32, 43, 95),
(32, 44, 18),
(32, 45, 18),
(32, 46, 23),
(32, 47, 46),
(32, 48, 40),
(32, 49, 83),
(32, 50, 33),
(32, 51, 71),
(32, 52, 7),
(32, 53, 25),
(32, 54, 7),
(32, 55, 57),
(32, 56, 72),
(32, 57, 6),
(32, 58, 53),
(32, 59, 15),
(32, 60, 54),
(32, 62, 5),
(32, 63, 21),
(32, 64, 74),
(32, 65, 84),
(32, 67, 88),
(32, 68, 34),
(32, 69, 98),
(32, 70, 73),
(32, 71, 49),
(32, 72, 86),
(32, 73, 91),
(32, 74, 46),
(32, 75, 53),
(32, 76, 37),
(32, 77, 43),
(32, 78, 58),
(32, 79, 1),
(32, 80, 85),
(32, 81, 80),
(32, 82, 80),
(32, 83, 67),
(32, 84, 22),
(32, 85, 37),
(32, 86, 27),
(32, 87, 77),
(32, 88, 16),
(32, 89, 10),
(32, 90, 18),
(32, 91, 17),
(32, 92, 34),
(32, 93, 97),
(32, 94, 0),
(32, 95, 1),
(32, 96, 55),
(32, 97, 18),
(32, 98, 90),
(32, 99, 20),
(32, 100, 79),
(32, 101, 32),
(32, 102, 4),
(32, 103, 24),
(32, 104, 45),
(32, 105, 57),
(32, 106, 92),
(32, 107, 86),
(32, 108, 12),
(32, 109, 88),
(32, 110, 10),
(32, 111, 49),
(32, 112, 50),
(32, 113, 28),
(32, 114, 86),
(32, 115, 80),
(32, 116, 35),
(32, 117, 74),
(32, 118, 73),
(32, 119, 52),
(32, 120, 42),
(32, 121, 98),
(32, 122, 49),
(32, 123, 55),
(32, 124, 43),
(32, 125, 13),
(32, 126, 22),
(32, 127, 73),
(32, 128, 22),
(32, 129, 100),
(32, 130, 19),
(32, 131, 95),
(32, 132, 62),
(32, 133, 5),
(32, 134, 46),
(32, 135, 20),
(32, 136, 60),
(32, 137, 38),
(32, 138, 65),
(32, 139, 17),
(32, 140, 85),
(32, 142, 31),
(32, 143, 73),
(32, 144, 70),
(32, 145, 49),
(32, 146, 19),
(32, 147, 95),
(32, 148, 33),
(32, 149, 14),
(32, 150, 73),
(32, 151, 18),
(32, 152, 61),
(32, 153, 57),
(32, 154, 77),
(32, 155, 50),
(32, 156, 44),
(32, 157, 48),
(32, 158, 34),
(32, 159, 79),
(32, 160, 86),
(32, 161, 88),
(32, 162, 81),
(32, 163, 64),
(32, 164, 74),
(32, 166, 91),
(32, 167, 96),
(32, 168, 61),
(32, 169, 80),
(32, 170, 89),
(32, 172, 23),
(32, 173, 38),
(32, 174, 78),
(32, 175, 54),
(32, 176, 45),
(32, 177, 42),
(32, 178, 86),
(32, 179, 49),
(32, 180, 35),
(32, 182, 71),
(32, 183, 15),
(32, 184, 48),
(32, 188, 95),
(32, 189, 7),
(32, 190, 7),
(32, 191, 12),
(32, 193, 10),
(32, 194, 80),
(32, 195, 28),
(32, 196, 6),
(32, 197, 22),
(32, 198, 11),
(32, 199, 99),
(32, 200, 78),
(32, 201, 20),
(32, 203, 44),
(32, 204, 85),
(32, 205, 65),
(32, 206, 11),
(32, 207, 63),
(32, 209, 48),
(32, 210, 8),
(32, 211, 2),
(32, 212, 34),
(32, 213, 53),
(32, 215, 81),
(32, 216, 99),
(32, 217, 15),
(32, 218, 19),
(32, 219, 27),
(32, 220, 57),
(33, 1, 91),
(33, 2, 99),
(33, 3, 51),
(33, 4, 61),
(33, 5, 73),
(33, 6, 26),
(33, 7, 36),
(33, 8, 21),
(33, 9, 30),
(33, 10, 87),
(33, 11, 64),
(33, 12, 4),
(33, 13, 100),
(33, 14, 64),
(33, 15, 88),
(33, 16, 13),
(33, 17, 9),
(33, 18, 84),
(33, 19, 97),
(33, 20, 7),
(33, 21, 85),
(33, 22, 96),
(33, 23, 30),
(33, 24, 58),
(33, 25, 43),
(33, 26, 7),
(33, 27, 2),
(33, 28, 58),
(33, 29, 32),
(33, 30, 97),
(33, 31, 58),
(33, 32, 12),
(33, 33, 81),
(33, 34, 39),
(33, 35, 66),
(33, 36, 41),
(33, 37, 12),
(33, 38, 72),
(33, 39, 87),
(33, 40, 90),
(33, 41, 14),
(33, 42, 91),
(33, 43, 79),
(33, 44, 97),
(33, 45, 46),
(33, 46, 1),
(33, 47, 72),
(33, 48, 92),
(33, 49, 50),
(33, 50, 23),
(33, 51, 40),
(33, 52, 79),
(33, 53, 69),
(33, 54, 64),
(33, 55, 20),
(33, 56, 88),
(33, 57, 59),
(33, 58, 17),
(33, 59, 38),
(33, 60, 70),
(33, 61, 72),
(33, 62, 20),
(33, 63, 22),
(33, 64, 23),
(33, 65, 97),
(33, 66, 68),
(33, 67, 95),
(33, 68, 1),
(33, 69, 98),
(33, 70, 86),
(33, 71, 1),
(33, 72, 65),
(33, 73, 54),
(33, 74, 65),
(33, 75, 1),
(33, 76, 14),
(33, 77, 7),
(33, 78, 3),
(33, 79, 81),
(33, 80, 34),
(33, 81, 6),
(33, 82, 56),
(33, 83, 64),
(33, 84, 64),
(33, 85, 93),
(33, 86, 25),
(33, 87, 64),
(33, 88, 20),
(33, 89, 69),
(33, 90, 91),
(33, 91, 93),
(33, 92, 38),
(33, 93, 13),
(33, 94, 39),
(33, 95, 0),
(33, 96, 63),
(33, 97, 69),
(33, 98, 49),
(33, 99, 66),
(33, 100, 35),
(33, 101, 2),
(33, 102, 59),
(33, 103, 40),
(33, 104, 41),
(33, 105, 70),
(33, 106, 6),
(33, 107, 94),
(33, 108, 8),
(33, 109, 24),
(33, 110, 80),
(33, 111, 74),
(33, 112, 72),
(33, 113, 97),
(33, 114, 92),
(33, 115, 6),
(33, 116, 38),
(33, 117, 26),
(33, 118, 92),
(33, 119, 82),
(33, 120, 10),
(33, 121, 42),
(33, 122, 61),
(33, 123, 29),
(33, 124, 26),
(33, 125, 64),
(33, 126, 12),
(33, 127, 26),
(33, 128, 59),
(33, 129, 47),
(33, 130, 65),
(33, 131, 90),
(33, 132, 10),
(33, 133, 24),
(33, 134, 70),
(33, 135, 46),
(33, 136, 61),
(33, 137, 95),
(33, 138, 82),
(33, 139, 97),
(33, 140, 78),
(33, 141, 7),
(33, 142, 49),
(33, 143, 99),
(33, 144, 32),
(33, 145, 87),
(33, 146, 46),
(33, 147, 33),
(33, 148, 52),
(33, 149, 30),
(33, 150, 3),
(33, 151, 44),
(33, 152, 59),
(33, 153, 30),
(33, 154, 96),
(33, 155, 65),
(33, 156, 3),
(33, 157, 39),
(33, 158, 96),
(33, 159, 81),
(33, 160, 74),
(33, 161, 8),
(33, 162, 86),
(33, 163, 23),
(33, 164, 20),
(33, 165, 2),
(33, 166, 20),
(33, 167, 27),
(33, 168, 34),
(33, 169, 24),
(33, 170, 12),
(33, 171, 94),
(33, 172, 81),
(33, 173, 59),
(33, 174, 83),
(33, 175, 75),
(33, 176, 97),
(33, 177, 75),
(33, 178, 65),
(33, 179, 73),
(33, 180, 63),
(33, 181, 5),
(33, 182, 9),
(33, 183, 46),
(33, 184, 74),
(33, 185, 77),
(33, 186, 37),
(33, 187, 24),
(33, 188, 77),
(33, 189, 87),
(33, 190, 33),
(33, 191, 45),
(33, 192, 69),
(33, 193, 53),
(33, 194, 0),
(33, 195, 37),
(33, 196, 10),
(33, 197, 75),
(33, 198, 11),
(33, 199, 72),
(33, 200, 85),
(34, 1, 4),
(34, 2, 79),
(34, 3, 9),
(34, 4, 87),
(34, 5, 67),
(34, 6, 4),
(34, 7, 23),
(34, 8, 80),
(34, 9, 25),
(34, 10, 60),
(34, 11, 2),
(34, 12, 18),
(34, 13, 58),
(34, 14, 71),
(34, 15, 61),
(34, 16, 61),
(34, 17, 37),
(34, 18, 100),
(34, 19, 73),
(34, 20, 68),
(34, 21, 37),
(34, 22, 86),
(34, 23, 85),
(34, 24, 15),
(34, 25, 54),
(34, 26, 47),
(34, 27, 48),
(34, 28, 97),
(34, 29, 77),
(34, 30, 44),
(34, 31, 79),
(34, 32, 7),
(34, 33, 90),
(34, 34, 24),
(34, 35, 80),
(34, 36, 43),
(34, 37, 97),
(34, 38, 34),
(34, 39, 23),
(34, 40, 24),
(34, 41, 67),
(34, 42, 30),
(34, 43, 22),
(34, 44, 85),
(34, 45, 93),
(34, 46, 67),
(34, 47, 17),
(34, 48, 12),
(34, 49, 88),
(34, 50, 74),
(34, 51, 16),
(34, 52, 72),
(34, 53, 57),
(34, 54, 4),
(34, 55, 87),
(34, 56, 2),
(34, 57, 11),
(34, 58, 10),
(34, 59, 66),
(34, 60, 46),
(34, 61, 92),
(34, 62, 37),
(34, 63, 92),
(34, 64, 33),
(34, 65, 60),
(34, 66, 66),
(34, 67, 77),
(34, 68, 91),
(34, 69, 10),
(34, 70, 58),
(34, 71, 18),
(34, 72, 60),
(34, 73, 76),
(34, 74, 49),
(34, 75, 5),
(34, 76, 93),
(34, 77, 1),
(34, 78, 90),
(34, 79, 36),
(34, 80, 40),
(34, 81, 2),
(34, 82, 3),
(34, 83, 100),
(34, 84, 13),
(34, 85, 19),
(34, 86, 20),
(34, 87, 25),
(34, 88, 21),
(34, 89, 4),
(34, 90, 38),
(34, 91, 53),
(34, 92, 66),
(34, 93, 35),
(34, 94, 43),
(34, 95, 22),
(34, 96, 94),
(34, 97, 88),
(34, 98, 41),
(34, 99, 26),
(34, 100, 6),
(34, 101, 25),
(34, 102, 30),
(34, 103, 52),
(34, 104, 40),
(34, 105, 95),
(34, 106, 86),
(34, 107, 73),
(34, 108, 49),
(34, 109, 99),
(34, 110, 82),
(34, 111, 93),
(34, 112, 5),
(34, 113, 4),
(34, 114, 100),
(34, 115, 49),
(34, 116, 31),
(34, 117, 12),
(34, 118, 82),
(34, 119, 23),
(34, 120, 22),
(34, 121, 84),
(34, 122, 25),
(34, 123, 51),
(34, 124, 49),
(34, 125, 84),
(34, 126, 70),
(34, 127, 43),
(34, 128, 39),
(34, 129, 21),
(34, 130, 43),
(34, 131, 12),
(34, 132, 10),
(34, 133, 9),
(34, 134, 99),
(34, 135, 68),
(34, 136, 31),
(34, 137, 18),
(34, 138, 94),
(34, 139, 47),
(34, 140, 90),
(34, 141, 37),
(34, 142, 61),
(34, 143, 46),
(34, 144, 14),
(34, 145, 94),
(34, 146, 53),
(34, 147, 69),
(34, 148, 28),
(34, 149, 96),
(34, 150, 60),
(34, 151, 38),
(34, 152, 89),
(34, 153, 86),
(34, 154, 56),
(34, 155, 72),
(34, 156, 85),
(34, 157, 1),
(34, 158, 63),
(34, 159, 19),
(34, 160, 12),
(34, 161, 33),
(34, 162, 69),
(34, 163, 25),
(34, 164, 82),
(34, 165, 54),
(34, 166, 12),
(34, 167, 13),
(34, 168, 15),
(34, 169, 55),
(34, 170, 24),
(34, 171, 1),
(34, 172, 54),
(34, 173, 84),
(34, 174, 12),
(34, 175, 37),
(34, 176, 49),
(34, 177, 14),
(34, 178, 9),
(34, 179, 99),
(34, 180, 65),
(34, 181, 13),
(34, 182, 42),
(34, 183, 16),
(34, 184, 58),
(34, 185, 77),
(34, 186, 19),
(34, 187, 80),
(34, 188, 37),
(34, 189, 91),
(34, 190, 56),
(34, 191, 93),
(34, 192, 40),
(34, 193, 38),
(34, 194, 12),
(34, 195, 10),
(34, 196, 16),
(34, 197, 84),
(34, 198, 92),
(34, 199, 20),
(34, 200, 50),
(35, 1, 98),
(35, 2, 5),
(35, 3, 68),
(35, 4, 0),
(35, 5, 70),
(35, 6, 85),
(35, 7, 60),
(35, 8, 71),
(35, 9, 35),
(35, 10, 14),
(35, 11, 21),
(35, 13, 80),
(35, 14, 90),
(35, 15, 6),
(35, 16, 97),
(35, 17, 85),
(35, 19, 39),
(35, 21, 47),
(35, 22, 21),
(35, 23, 29),
(35, 24, 0),
(35, 25, 64),
(35, 26, 35),
(35, 27, 67),
(35, 28, 79),
(35, 30, 44),
(35, 31, 72),
(35, 32, 8),
(35, 33, 71),
(35, 34, 62),
(35, 36, 52),
(35, 37, 3),
(35, 40, 63),
(35, 41, 43),
(35, 43, 77),
(35, 44, 47),
(35, 45, 88),
(35, 46, 93),
(35, 47, 60),
(35, 49, 22),
(35, 50, 5),
(35, 52, 13),
(35, 53, 63),
(35, 55, 23),
(35, 59, 91),
(35, 60, 43),
(35, 61, 70),
(35, 62, 16),
(35, 63, 67),
(35, 64, 63),
(35, 65, 32),
(35, 66, 50),
(35, 67, 21),
(35, 68, 65),
(35, 69, 30),
(35, 70, 56),
(35, 71, 80),
(35, 72, 76),
(35, 73, 51),
(35, 74, 93),
(35, 75, 90),
(35, 76, 30),
(35, 77, 5),
(35, 78, 64),
(35, 79, 45),
(35, 80, 51),
(35, 81, 50),
(35, 82, 27),
(35, 83, 45),
(35, 84, 71),
(35, 85, 32),
(35, 86, 45),
(35, 87, 52),
(35, 88, 93),
(35, 89, 83),
(35, 90, 97),
(35, 91, 54),
(35, 92, 71),
(35, 96, 95),
(35, 97, 54),
(35, 98, 28),
(35, 99, 100),
(35, 100, 81),
(35, 101, 78),
(35, 102, 33),
(35, 103, 39),
(35, 104, 63),
(35, 105, 75),
(35, 106, 37),
(35, 107, 26),
(35, 108, 72),
(35, 109, 29),
(35, 110, 35),
(35, 111, 43),
(35, 112, 91),
(35, 113, 26),
(35, 114, 92),
(35, 115, 93),
(35, 116, 29),
(35, 117, 10),
(35, 118, 77),
(35, 119, 34),
(35, 120, 64),
(35, 121, 59),
(35, 122, 64),
(35, 123, 66),
(35, 126, 61),
(35, 127, 75),
(35, 128, 85),
(35, 129, 38),
(35, 130, 43),
(35, 131, 35),
(35, 132, 41),
(35, 134, 14),
(35, 135, 90),
(35, 136, 77),
(35, 137, 51),
(35, 138, 63),
(35, 139, 65),
(35, 140, 82),
(35, 141, 15),
(35, 142, 20),
(35, 143, 31),
(35, 144, 26),
(35, 145, 14),
(35, 146, 63),
(35, 148, 45),
(35, 149, 23),
(35, 150, 73),
(35, 151, 91),
(35, 152, 32),
(35, 153, 16),
(35, 154, 24),
(35, 155, 32),
(35, 156, 87),
(35, 157, 69),
(35, 158, 86),
(35, 159, 76),
(35, 161, 63),
(35, 162, 19),
(35, 163, 84),
(35, 164, 86),
(35, 165, 44),
(35, 166, 26),
(35, 167, 14),
(35, 171, 52),
(35, 173, 10),
(35, 175, 54),
(35, 176, 73),
(35, 177, 100),
(35, 179, 21),
(35, 180, 19),
(35, 183, 6),
(35, 184, 93),
(35, 185, 85),
(35, 186, 23),
(35, 190, 30),
(35, 192, 20),
(35, 195, 73),
(35, 196, 38),
(35, 198, 83),
(35, 199, 2),
(35, 200, 64),
(39, 1, 74),
(39, 2, 55),
(39, 3, 34),
(39, 4, 93),
(39, 7, 26),
(39, 14, 46),
(39, 16, 42),
(39, 17, 11),
(39, 18, 59),
(39, 20, 94),
(39, 21, 4),
(39, 22, 37),
(39, 23, 20),
(39, 24, 87),
(39, 25, 34),
(39, 26, 54),
(39, 27, 75),
(39, 28, 30),
(39, 29, 49),
(39, 30, 76),
(39, 31, 33),
(39, 32, 24),
(39, 33, 0),
(39, 34, 77),
(39, 35, 14),
(39, 36, 4),
(39, 37, 74),
(39, 38, 75),
(39, 39, 40),
(39, 40, 5),
(39, 42, 61),
(39, 43, 67),
(39, 44, 2),
(39, 46, 55),
(39, 47, 93),
(39, 48, 6),
(39, 50, 34),
(39, 51, 58),
(39, 52, 22),
(39, 53, 18),
(39, 54, 99),
(39, 55, 69),
(39, 56, 29),
(39, 58, 66),
(39, 59, 68),
(39, 60, 66),
(39, 61, 71),
(39, 62, 51),
(39, 64, 6),
(39, 65, 67),
(39, 66, 50),
(39, 67, 54),
(39, 68, 27),
(39, 69, 19),
(39, 70, 66),
(39, 71, 60),
(39, 72, 68),
(39, 73, 44),
(39, 74, 47),
(39, 76, 10),
(39, 77, 4),
(39, 78, 88),
(39, 79, 9),
(39, 80, 69),
(39, 81, 39),
(39, 82, 61),
(39, 83, 63),
(39, 84, 14),
(39, 85, 58),
(39, 86, 34),
(39, 87, 42),
(39, 88, 62),
(39, 89, 85),
(39, 90, 9),
(39, 91, 26),
(39, 92, 90),
(39, 93, 69),
(39, 94, 21),
(39, 95, 78),
(39, 96, 1),
(39, 97, 89),
(39, 98, 4),
(39, 99, 17),
(39, 100, 69),
(39, 101, 31),
(39, 102, 95),
(39, 103, 64),
(39, 104, 19),
(39, 105, 17),
(39, 106, 9),
(39, 108, 0),
(39, 109, 7),
(39, 110, 22),
(39, 111, 31),
(39, 112, 70),
(39, 113, 100),
(39, 114, 56),
(39, 115, 48),
(39, 116, 57),
(39, 117, 79),
(39, 118, 0),
(39, 119, 77),
(39, 120, 35),
(39, 121, 53),
(39, 122, 28),
(39, 124, 1),
(39, 125, 72),
(39, 127, 69),
(39, 128, 68),
(39, 129, 28),
(39, 130, 51),
(39, 131, 64),
(39, 132, 13),
(39, 133, 96),
(39, 134, 93),
(39, 136, 91),
(39, 137, 87),
(39, 138, 71),
(39, 139, 90),
(39, 140, 52),
(39, 141, 43),
(39, 143, 2),
(39, 144, 44),
(39, 145, 14),
(39, 147, 78),
(39, 148, 47),
(39, 149, 19),
(39, 151, 59),
(39, 152, 36),
(39, 153, 79),
(39, 154, 43),
(39, 155, 89),
(39, 156, 92),
(39, 157, 0),
(39, 159, 47),
(39, 160, 66),
(39, 162, 80),
(39, 163, 97),
(39, 164, 10),
(39, 165, 0),
(39, 166, 12),
(39, 167, 100),
(39, 168, 91),
(39, 169, 25),
(39, 170, 0),
(39, 171, 32),
(39, 173, 90),
(39, 175, 46),
(39, 176, 41),
(39, 177, 88),
(39, 178, 84),
(39, 179, 82),
(39, 181, 35),
(39, 182, 74),
(39, 183, 47),
(39, 186, 22),
(39, 187, 88),
(39, 188, 88),
(39, 190, 60),
(39, 192, 55),
(39, 195, 11),
(39, 196, 55),
(39, 197, 48),
(39, 200, 33),
(40, 1, 10),
(40, 2, 66),
(40, 4, 5),
(40, 5, 22),
(40, 6, 56),
(40, 7, 87),
(40, 8, 73),
(40, 9, 32),
(40, 12, 8),
(40, 14, 53),
(40, 17, 70),
(40, 18, 1),
(40, 20, 74),
(40, 21, 25),
(40, 22, 40),
(40, 23, 68),
(40, 24, 91),
(40, 25, 19),
(40, 26, 80),
(40, 27, 84),
(40, 28, 78),
(40, 29, 43),
(40, 30, 15),
(40, 31, 72),
(40, 32, 66),
(40, 33, 14),
(40, 34, 0),
(40, 35, 50),
(40, 38, 56),
(40, 39, 89),
(40, 40, 23),
(40, 42, 43),
(40, 43, 18),
(40, 44, 55),
(40, 45, 80),
(40, 46, 27),
(40, 48, 75),
(40, 49, 53),
(40, 50, 92),
(40, 51, 100),
(40, 52, 51),
(40, 53, 47),
(40, 54, 34),
(40, 55, 37),
(40, 56, 9),
(40, 57, 1),
(40, 60, 55),
(40, 61, 59),
(40, 62, 14),
(40, 63, 92),
(40, 64, 12),
(40, 65, 53),
(40, 66, 3),
(40, 68, 36),
(40, 69, 47),
(40, 70, 74),
(40, 71, 40),
(40, 72, 58),
(40, 73, 66),
(40, 74, 42),
(40, 75, 9),
(40, 76, 47),
(40, 77, 61),
(40, 78, 99),
(40, 79, 88),
(40, 80, 7),
(40, 81, 100),
(40, 82, 46),
(40, 83, 96),
(40, 84, 89),
(40, 85, 7),
(40, 86, 90),
(40, 87, 78),
(40, 88, 11),
(40, 89, 85),
(40, 90, 98),
(40, 91, 65),
(40, 92, 96),
(40, 93, 41),
(40, 94, 56),
(40, 95, 39),
(40, 96, 0),
(40, 97, 65),
(40, 98, 43),
(40, 99, 85),
(40, 100, 53),
(40, 101, 8),
(40, 102, 18),
(40, 103, 23),
(40, 104, 42),
(40, 105, 37),
(40, 106, 56),
(40, 107, 28),
(40, 108, 55),
(40, 109, 20),
(40, 110, 13),
(40, 111, 5),
(40, 112, 61),
(40, 113, 4),
(40, 114, 40),
(40, 115, 94),
(40, 116, 95),
(40, 117, 14),
(40, 118, 63),
(40, 120, 52),
(40, 121, 37),
(40, 122, 45),
(40, 123, 54),
(40, 124, 64),
(40, 125, 65),
(40, 126, 34),
(40, 127, 46),
(40, 129, 23),
(40, 130, 52),
(40, 131, 39),
(40, 132, 99),
(40, 133, 16),
(40, 134, 23),
(40, 135, 96),
(40, 136, 24),
(40, 137, 60),
(40, 138, 21),
(40, 139, 27),
(40, 140, 26),
(40, 141, 52),
(40, 142, 19),
(40, 143, 25),
(40, 144, 86),
(40, 145, 62),
(40, 147, 4),
(40, 148, 60),
(40, 149, 72),
(40, 150, 81),
(40, 151, 94),
(40, 152, 4),
(40, 153, 56),
(40, 154, 19),
(40, 156, 57),
(40, 158, 42),
(40, 163, 64),
(40, 165, 98),
(40, 169, 77),
(40, 170, 36),
(40, 172, 53),
(40, 173, 37),
(40, 174, 20),
(40, 177, 99),
(40, 178, 82),
(40, 179, 64),
(40, 180, 70),
(40, 182, 77),
(40, 184, 34),
(40, 185, 96),
(40, 187, 49),
(40, 189, 29),
(40, 191, 11),
(40, 192, 28),
(40, 194, 10),
(40, 196, 60),
(40, 200, 97),
(41, 1, 18),
(41, 2, 89),
(41, 4, 98),
(41, 5, 41),
(41, 6, 98),
(41, 7, 93),
(41, 8, 58),
(41, 9, 23),
(41, 12, 19),
(41, 14, 60),
(41, 17, 41),
(41, 18, 12),
(41, 20, 87),
(41, 21, 1),
(41, 22, 90),
(41, 23, 97),
(41, 24, 6),
(41, 25, 30),
(41, 26, 90),
(41, 27, 11),
(41, 28, 67),
(41, 29, 49),
(41, 30, 81),
(41, 31, 26),
(41, 32, 66),
(41, 33, 93),
(41, 34, 20),
(41, 35, 94),
(41, 38, 52),
(41, 39, 86),
(41, 40, 59),
(41, 42, 69),
(41, 43, 13),
(41, 44, 62),
(41, 45, 7),
(41, 46, 35),
(41, 48, 12),
(41, 49, 31),
(41, 50, 86),
(41, 51, 31),
(41, 52, 10),
(41, 53, 15),
(41, 54, 57),
(41, 55, 27),
(41, 56, 55),
(41, 57, 83),
(41, 60, 29),
(41, 61, 80),
(41, 62, 78),
(41, 63, 38),
(41, 64, 69),
(41, 65, 14),
(41, 66, 80),
(41, 68, 37),
(41, 69, 86),
(41, 70, 78),
(41, 71, 99),
(41, 72, 29),
(41, 73, 3),
(41, 74, 79),
(41, 75, 37),
(41, 76, 27),
(41, 77, 9),
(41, 78, 85),
(41, 79, 27),
(41, 80, 11),
(41, 81, 44),
(41, 82, 37),
(41, 83, 42),
(41, 84, 81),
(41, 85, 10),
(41, 86, 84),
(41, 87, 43),
(41, 88, 82),
(41, 89, 55),
(41, 90, 41),
(41, 91, 46),
(41, 92, 48),
(41, 93, 35),
(41, 94, 92),
(41, 95, 77),
(41, 96, 10),
(41, 97, 88),
(41, 98, 50),
(41, 99, 4),
(41, 100, 87),
(41, 101, 62),
(41, 102, 85),
(41, 103, 80),
(41, 104, 46),
(41, 105, 36),
(41, 106, 23),
(41, 107, 52),
(41, 108, 29),
(41, 109, 86),
(41, 110, 5),
(41, 111, 92),
(41, 112, 87),
(41, 113, 13),
(41, 114, 72),
(41, 115, 17),
(41, 116, 1),
(41, 117, 85),
(41, 118, 43),
(41, 120, 68),
(41, 121, 39),
(41, 122, 58),
(41, 123, 10),
(41, 124, 95),
(41, 125, 80),
(41, 126, 83),
(41, 127, 100),
(41, 129, 73),
(41, 130, 80),
(41, 131, 91),
(41, 132, 65),
(41, 133, 40),
(41, 134, 75),
(41, 135, 48),
(41, 136, 89),
(41, 137, 40),
(41, 138, 49),
(41, 139, 33),
(41, 140, 79),
(41, 141, 99),
(41, 142, 34),
(41, 143, 58),
(41, 144, 73),
(41, 145, 70),
(41, 147, 55),
(41, 148, 50),
(41, 149, 40),
(41, 150, 12),
(41, 151, 65),
(41, 152, 58),
(41, 153, 93),
(41, 154, 35),
(41, 156, 91),
(41, 158, 93),
(41, 163, 47),
(41, 165, 81),
(41, 169, 97),
(41, 170, 6),
(41, 172, 78),
(41, 173, 100),
(41, 174, 33),
(41, 177, 15),
(41, 178, 62),
(41, 179, 32),
(41, 180, 71),
(41, 182, 61),
(41, 184, 9),
(41, 185, 97),
(41, 187, 16),
(41, 189, 3),
(41, 191, 18),
(41, 192, 57),
(41, 194, 43),
(41, 196, 23),
(41, 200, 10),
(42, 2, 43),
(42, 5, 5),
(42, 6, 23),
(42, 8, 58),
(42, 9, 25),
(42, 11, 54),
(42, 12, 9),
(42, 14, 13),
(42, 15, 95),
(42, 16, 32),
(42, 19, 43),
(42, 21, 59),
(42, 22, 2),
(42, 23, 70),
(42, 24, 30),
(42, 26, 47),
(42, 27, 69),
(42, 28, 18),
(42, 30, 31),
(42, 31, 42),
(42, 32, 85),
(42, 34, 16),
(42, 35, 59),
(42, 36, 83),
(42, 37, 23),
(42, 38, 71),
(42, 39, 17),
(42, 40, 28),
(42, 41, 4),
(42, 42, 18),
(42, 43, 43),
(42, 44, 94),
(42, 45, 93),
(42, 46, 26),
(42, 48, 15),
(42, 49, 51),
(42, 50, 1),
(42, 51, 33),
(42, 54, 50),
(42, 55, 67),
(42, 56, 65),
(42, 57, 53),
(42, 58, 26),
(42, 60, 55),
(42, 61, 6),
(42, 62, 46),
(42, 63, 69),
(42, 64, 60),
(42, 65, 88),
(42, 66, 0),
(42, 67, 19),
(42, 68, 15),
(42, 69, 40),
(42, 70, 18),
(42, 71, 77),
(42, 72, 6),
(42, 73, 29),
(42, 74, 64),
(42, 75, 5),
(42, 76, 9),
(42, 77, 92),
(42, 78, 1),
(42, 79, 42),
(42, 81, 71),
(42, 82, 30),
(42, 84, 50),
(42, 85, 24),
(42, 86, 87),
(42, 87, 44),
(42, 88, 34),
(42, 89, 62),
(42, 90, 21),
(42, 92, 20),
(42, 93, 30),
(42, 94, 24),
(42, 95, 49),
(42, 96, 15),
(42, 97, 89),
(42, 98, 77),
(42, 99, 17),
(42, 100, 32),
(42, 101, 45),
(42, 102, 47),
(42, 103, 28),
(42, 104, 86),
(42, 105, 70),
(42, 106, 52),
(42, 107, 41),
(42, 109, 8),
(42, 111, 72),
(42, 112, 47),
(42, 113, 57),
(42, 114, 39),
(42, 115, 85),
(42, 116, 90),
(42, 117, 94),
(42, 118, 94),
(42, 119, 23),
(42, 120, 6),
(42, 121, 32),
(42, 122, 52),
(42, 123, 82),
(42, 124, 62),
(42, 125, 91),
(42, 126, 44),
(42, 127, 21),
(42, 129, 83),
(42, 130, 17),
(42, 131, 61),
(42, 132, 72),
(42, 133, 90),
(42, 134, 78),
(42, 135, 78),
(42, 136, 54),
(42, 137, 76),
(42, 138, 1),
(42, 139, 38),
(42, 140, 19),
(42, 141, 83),
(42, 142, 69),
(42, 144, 48),
(42, 145, 52),
(42, 146, 66),
(42, 147, 46),
(42, 148, 35),
(42, 149, 31),
(42, 150, 13),
(42, 151, 11),
(42, 153, 14),
(42, 155, 33),
(42, 157, 27),
(42, 158, 60),
(42, 159, 73),
(42, 161, 27),
(42, 162, 51),
(42, 163, 79),
(42, 164, 41),
(42, 165, 98),
(42, 166, 54),
(42, 167, 64),
(42, 168, 53),
(42, 169, 54),
(42, 170, 85),
(42, 171, 16),
(42, 172, 66),
(42, 173, 54),
(42, 175, 48),
(42, 176, 4),
(42, 179, 43),
(42, 180, 68),
(42, 182, 52),
(42, 183, 40),
(42, 185, 29),
(42, 186, 37),
(42, 189, 22),
(42, 190, 54),
(42, 193, 27),
(42, 194, 77),
(42, 195, 51),
(42, 196, 34),
(43, 2, 76),
(43, 5, 81),
(43, 6, 91),
(43, 8, 76),
(43, 9, 45),
(43, 11, 33),
(43, 12, 4),
(43, 14, 95),
(43, 15, 19),
(43, 16, 75),
(43, 19, 20),
(43, 21, 51),
(43, 22, 97),
(43, 23, 63),
(43, 24, 17),
(43, 26, 58),
(43, 27, 83),
(43, 28, 37),
(43, 30, 27),
(43, 31, 47),
(43, 32, 43),
(43, 34, 48),
(43, 35, 74),
(43, 36, 28),
(43, 37, 63),
(43, 38, 66),
(43, 39, 79),
(43, 40, 74),
(43, 41, 42),
(43, 42, 19),
(43, 43, 24),
(43, 44, 3),
(43, 45, 40),
(43, 46, 84),
(43, 48, 6),
(43, 49, 94),
(43, 50, 35),
(43, 51, 49),
(43, 54, 78),
(43, 55, 36),
(43, 56, 70),
(43, 57, 38),
(43, 58, 65),
(43, 60, 84),
(43, 61, 55),
(43, 62, 49),
(43, 63, 25),
(43, 64, 48),
(43, 65, 39),
(43, 66, 96),
(43, 67, 17),
(43, 68, 24),
(43, 69, 47),
(43, 70, 4),
(43, 71, 65),
(43, 72, 65),
(43, 73, 93),
(43, 74, 66),
(43, 75, 96),
(43, 76, 37),
(43, 77, 23),
(43, 78, 57),
(43, 79, 16),
(43, 81, 74),
(43, 82, 28),
(43, 84, 70),
(43, 85, 10),
(43, 86, 10),
(43, 87, 5),
(43, 88, 23),
(43, 89, 27),
(43, 90, 97),
(43, 92, 10),
(43, 93, 85),
(43, 94, 79),
(43, 95, 97),
(43, 96, 77),
(43, 97, 17),
(43, 98, 90),
(43, 99, 84),
(43, 100, 76),
(43, 101, 13),
(43, 102, 68),
(43, 103, 24),
(43, 104, 19),
(43, 105, 79),
(43, 106, 75),
(43, 107, 92),
(43, 109, 86),
(43, 111, 5),
(43, 112, 66),
(43, 113, 11),
(43, 114, 57),
(43, 115, 82),
(43, 116, 54),
(43, 117, 72),
(43, 118, 40),
(43, 119, 26),
(43, 120, 50),
(43, 121, 69),
(43, 122, 64),
(43, 123, 53),
(43, 124, 13),
(43, 125, 84),
(43, 126, 98),
(43, 127, 44),
(43, 129, 57),
(43, 130, 5),
(43, 131, 79),
(43, 132, 60),
(43, 133, 62),
(43, 134, 24),
(43, 135, 14),
(43, 136, 37),
(43, 137, 69),
(43, 138, 24),
(43, 139, 93),
(43, 140, 80),
(43, 141, 91),
(43, 142, 24),
(43, 144, 80),
(43, 145, 92),
(43, 146, 87),
(43, 147, 90),
(43, 148, 57),
(43, 149, 65),
(43, 150, 27),
(43, 151, 72),
(43, 153, 5),
(43, 155, 72),
(43, 157, 94),
(43, 158, 31),
(43, 159, 1),
(43, 161, 78),
(43, 162, 41),
(43, 163, 66),
(43, 164, 44),
(43, 165, 98),
(43, 166, 55),
(43, 167, 47),
(43, 168, 72),
(43, 169, 87),
(43, 170, 55),
(43, 171, 45),
(43, 172, 61),
(43, 173, 23),
(43, 175, 89),
(43, 176, 69),
(43, 179, 28),
(43, 180, 84),
(43, 182, 35),
(43, 183, 95),
(43, 185, 20),
(43, 186, 32),
(43, 189, 59),
(43, 190, 37),
(43, 193, 36),
(43, 194, 36),
(43, 195, 11),
(43, 196, 79),
(44, 2, 17),
(44, 5, 83),
(44, 6, 55),
(44, 8, 8),
(44, 9, 9),
(44, 11, 10),
(44, 12, 71),
(44, 14, 94),
(44, 15, 46),
(44, 16, 17),
(44, 19, 4),
(44, 21, 60),
(44, 22, 14),
(44, 23, 9),
(44, 24, 52),
(44, 26, 57),
(44, 27, 11),
(44, 28, 88),
(44, 30, 17),
(44, 31, 78),
(44, 32, 78),
(44, 34, 3),
(44, 35, 66),
(44, 36, 91),
(44, 37, 54),
(44, 38, 20),
(44, 39, 33),
(44, 40, 90),
(44, 41, 22),
(44, 42, 19),
(44, 43, 38),
(44, 44, 28),
(44, 45, 23),
(44, 46, 28),
(44, 48, 49),
(44, 49, 90),
(44, 50, 30),
(44, 51, 5),
(44, 54, 91),
(44, 55, 100),
(44, 56, 35),
(44, 57, 43),
(44, 58, 96),
(44, 60, 50),
(44, 61, 67),
(44, 62, 87),
(44, 63, 5),
(44, 64, 71),
(44, 65, 47),
(44, 66, 13),
(44, 67, 91),
(44, 68, 30),
(44, 69, 42),
(44, 70, 80),
(44, 71, 21),
(44, 72, 55),
(44, 73, 88),
(44, 74, 57),
(44, 75, 65),
(44, 76, 84),
(44, 77, 56),
(44, 78, 11),
(44, 79, 95),
(44, 81, 77),
(44, 82, 28),
(44, 84, 94),
(44, 85, 46),
(44, 86, 92),
(44, 87, 54),
(44, 88, 41),
(44, 89, 14),
(44, 90, 63),
(44, 92, 42),
(44, 93, 16),
(44, 94, 3),
(44, 95, 30),
(44, 96, 98),
(44, 97, 41),
(44, 98, 9),
(44, 99, 96),
(44, 100, 23),
(44, 101, 100),
(44, 102, 20),
(44, 103, 11),
(44, 104, 49),
(44, 105, 57),
(44, 106, 57),
(44, 107, 3),
(44, 109, 16),
(44, 111, 100),
(44, 112, 79),
(44, 113, 14),
(44, 114, 51),
(44, 115, 45),
(44, 116, 58),
(44, 117, 100),
(44, 118, 94),
(44, 119, 79),
(44, 120, 68),
(44, 121, 39),
(44, 122, 26),
(44, 123, 45),
(44, 124, 52),
(44, 125, 69),
(44, 126, 56),
(44, 127, 34),
(44, 129, 96),
(44, 130, 3),
(44, 131, 99),
(44, 132, 68),
(44, 133, 100),
(44, 134, 49),
(44, 135, 95),
(44, 136, 74),
(44, 137, 8),
(44, 138, 66),
(44, 139, 50),
(44, 140, 78),
(44, 141, 73),
(44, 142, 4),
(44, 144, 88),
(44, 145, 79),
(44, 146, 49),
(44, 147, 10),
(44, 148, 1),
(44, 149, 92),
(44, 150, 55),
(44, 151, 34),
(44, 153, 42),
(44, 155, 69),
(44, 157, 28),
(44, 158, 90),
(44, 159, 66),
(44, 161, 65),
(44, 162, 17),
(44, 163, 59),
(44, 164, 95),
(44, 165, 19),
(44, 166, 6),
(44, 167, 16),
(44, 168, 44),
(44, 169, 97),
(44, 170, 29),
(44, 171, 84),
(44, 172, 93),
(44, 173, 52),
(44, 175, 79),
(44, 176, 9),
(44, 179, 28),
(44, 180, 73),
(44, 182, 1),
(44, 183, 68),
(44, 185, 64),
(44, 186, 50),
(44, 189, 94),
(44, 190, 65),
(44, 193, 29),
(44, 194, 3),
(44, 195, 80),
(44, 196, 19);

-- --------------------------------------------------------

--
-- Table structure for table `delivery method`
--

CREATE TABLE `delivery method` (
  `Delivery Method ID` int(11) NOT NULL,
  `Delivery Method Name` varchar(50) DEFAULT NULL
) ENGINE=InnoDB DEFAULT CHARSET=utf8mb4 COLLATE=utf8mb4_general_ci;

--
-- Dumping data for table `delivery method`
--

INSERT INTO `delivery method` (`Delivery Method ID`, `Delivery Method Name`) VALUES
(1, 'Online'),
(2, 'In-Person Lectures'),
(3, 'In-Person Lectures with Practicals');

-- --------------------------------------------------------

--
-- Table structure for table `module`
--

CREATE TABLE `module` (
  `ModuleID` int(11) NOT NULL,
  `Module Code` varchar(50) DEFAULT NULL,
  `Module Title` varchar(100) DEFAULT NULL,
  `Credits` int(11) DEFAULT NULL,
  `Terms Taught` varchar(50) DEFAULT NULL,
  `Compulsory Or Optional` varchar(50) DEFAULT NULL,
  `PartID` int(11) DEFAULT NULL,
  `Delivery Method ID` int(11) DEFAULT NULL
) ENGINE=InnoDB DEFAULT CHARSET=utf8mb4 COLLATE=utf8mb4_general_ci;

--
-- Dumping data for table `module`
--

INSERT INTO `module` (`ModuleID`, `Module Code`, `Module Title`, `Credits`, `Terms Taught`, `Compulsory Or Optional`, `PartID`, `Delivery Method ID`) VALUES
(1, 'CS1AC16', 'Applications of Computer Science', 20, 'Autumn / Spring', 'compulsory', 1, 2),
(2, 'CS1FC16', 'Fundamentals of Computer Science', 20, 'Autumn / Spring', 'compulsory', 1, 2),
(3, 'CS1MA20', 'Mathematics and Computation', 20, 'Autumn / Spring', 'compulsory', 1, 2),
(4, 'CS1PC20', 'Programming in C and C++', 20, 'Autumn / Spring', 'compulsory', 1, 3),
(5, 'CS1SE20', 'Software Engineering: Fundamentals and Professional Development', 20, 'Autumn / Spring', 'compulsory', 1, 2),
(6, 'CS1HW22', 'HCI and Web Applications', 20, 'Autumn / Spring', 'optional', 1, 3),
(7, 'CS2AO17', 'Algorithms and Operating Systems', 20, 'Autumn / Spring', 'compulsory', 2, 2),
(8, 'CS2CA17', 'Computer Architecture and Networking', 20, 'Autumn / Spring', 'compulsory', 2, 2),
(9, 'CS2CO16', 'Compilers', 10, 'Spring', 'compulsory', 2, 2),
(10, 'CS2DI17', 'Databases and Information Security', 20, 'Autumn / Spring', 'compulsory', 2, 2),
(11, 'CS2JA16', 'Programming in JAVA', 20, 'Autumn / Spring', 'compulsory', 2, 3),
(12, 'CS2SD16', 'Systems Design with UML', 10, 'Autumn', 'compulsory', 2, 1),
(13, 'CS2PP22', 'Programming in Python for Data Science', 10, 'Spring', 'optional', 3, 3),
(14, 'CS2SA16', 'Service-Orientated System Applications', 10, 'Spring', 'optional', 2, 1),
(15, 'CS2QT19', 'Software Engineering: Quality and Testing', 10, 'Autumn', 'optional', 2, 1),
(16, 'CS3SC17', 'Social, Legal and Ethical Aspects of Computing', 10, 'Autumn', 'compulsory', 3, 1),
(17, 'CS3IP16', 'Individual Project', 40, 'Autumn / Spring / Summer', 'compulsory', 3, 2),
(18, 'CS3IA16', 'Image Analysis', 10, 'Autumn', 'optional', 3, 2),
(19, 'CS3DP19', 'Distributed Systems and Parallel Computing', 10, 'Autumn', 'optional', 3, 3),
(20, 'CS3VR16', 'Virtual Reality', 10, 'Spring', 'optional', 3, 2),
(21, 'CS3AI18', 'Artificial Intelligence', 10, 'Spring', 'optional', 3, 3),
(22, 'CS3DS19', 'Data Science Algorithms and Tools', 10, 'Spring', 'optional', 3, 3),
(23, 'CS3VI18', 'Visual Intelligence', 10, 'Spring', 'optional', 3, 2),
(24, 'CS3BC20', 'Blockchain Computing', 10, 'Spring', 'optional', 3, 3),
(25, 'CS3DV20', 'Data Integration and Visualisation', 10, 'Spring', 'optional', 3, 2),
(26, 'CS3TM20', 'Text Mining and Natural Language Processing', 10, 'Spring', 'optional', 3, 2);

-- --------------------------------------------------------

--
-- Table structure for table `module_student`
--

CREATE TABLE `module_student` (
  `StudentID` int(11) NOT NULL,
  `ModuleID` int(11) NOT NULL,
  `AcademicYear` date NOT NULL
) ENGINE=InnoDB DEFAULT CHARSET=utf8mb4 COLLATE=utf8mb4_general_ci;

--
-- Dumping data for table `module_student`
--

INSERT INTO `module_student` (`StudentID`, `ModuleID`, `AcademicYear`) VALUES
(1, 16, '2015-04-15'),
(1, 17, '2015-04-15'),
(1, 18, '2015-04-15'),
(1, 20, '2015-04-15'),
(1, 21, '2015-04-15'),
(1, 23, '2015-04-15'),
(1, 24, '2015-04-15'),
(1, 26, '2015-04-15'),
(2, 16, '2015-04-15'),
(2, 17, '2015-04-15'),
(2, 18, '2015-04-15'),
(2, 20, '2015-04-15'),
(2, 21, '2015-04-15'),
(2, 22, '2015-04-15'),
(2, 24, '2015-04-15'),
(2, 26, '2015-04-15'),
(3, 16, '2015-04-15'),
(3, 17, '2015-04-15'),
(3, 18, '2015-04-15'),
(3, 20, '2015-04-15'),
(3, 23, '2015-04-15'),
(3, 24, '2015-04-15'),
(3, 26, '2015-04-15'),
(4, 16, '2015-04-15'),
(4, 17, '2015-04-15'),
(4, 18, '2015-04-15'),
(4, 20, '2015-04-15'),
(4, 21, '2015-04-15'),
(4, 24, '2015-04-15'),
(4, 26, '2015-04-15'),
(5, 16, '2015-04-15'),
(5, 17, '2015-04-15'),
(5, 18, '2015-04-15'),
(5, 21, '2015-04-15'),
(5, 22, '2015-04-15'),
(5, 23, '2015-04-15'),
(5, 25, '2015-04-15'),
(5, 26, '2015-04-15'),
(6, 16, '2015-04-15'),
(6, 17, '2015-04-15'),
(6, 18, '2015-04-15'),
(6, 21, '2015-04-15'),
(6, 22, '2015-04-15'),
(6, 23, '2015-04-15'),
(6, 26, '2015-04-15'),
(7, 16, '2015-04-15'),
(7, 17, '2015-04-15'),
(7, 18, '2015-04-15'),
(7, 20, '2015-04-15'),
(7, 21, '2015-04-15'),
(7, 25, '2015-04-15'),
(8, 16, '2015-04-15'),
(8, 17, '2015-04-15'),
(8, 18, '2015-04-15'),
(8, 21, '2015-04-15'),
(8, 22, '2015-04-15'),
(8, 26, '2015-04-15'),
(9, 16, '2015-04-15'),
(9, 17, '2015-04-15'),
(9, 18, '2015-04-15'),
(9, 21, '2015-04-15'),
(9, 22, '2015-04-15'),
(9, 23, '2015-04-15'),
(9, 25, '2015-04-15'),
(9, 26, '2015-04-15'),
(10, 16, '2015-04-15'),
(10, 17, '2015-04-15'),
(10, 18, '2015-04-15'),
(10, 23, '2015-04-15'),
(10, 26, '2015-04-15'),
(11, 16, '2015-04-15'),
(11, 17, '2015-04-15'),
(11, 18, '2015-04-15'),
(11, 22, '2015-04-15'),
(11, 24, '2015-04-15'),
(11, 25, '2015-04-15'),
(11, 26, '2015-04-15'),
(12, 16, '2015-04-15'),
(12, 17, '2015-04-15'),
(12, 21, '2015-04-15'),
(12, 22, '2015-04-15'),
(12, 23, '2015-04-15'),
(12, 24, '2015-04-15'),
(12, 26, '2015-04-15'),
(13, 16, '2015-04-15'),
(13, 17, '2015-04-15'),
(13, 18, '2015-04-15'),
(13, 23, '2015-04-15'),
(13, 24, '2015-04-15'),
(13, 25, '2015-04-15'),
(13, 26, '2015-04-15'),
(14, 16, '2015-04-15'),
(14, 17, '2015-04-15'),
(14, 18, '2015-04-15'),
(14, 20, '2015-04-15'),
(14, 21, '2015-04-15'),
(14, 22, '2015-04-15'),
(14, 24, '2015-04-15'),
(14, 25, '2015-04-15'),
(15, 16, '2015-04-15'),
(15, 17, '2015-04-15'),
(15, 18, '2015-04-15'),
(15, 22, '2015-04-15'),
(15, 23, '2015-04-15'),
(15, 24, '2015-04-15'),
(15, 26, '2015-04-15'),
(16, 16, '2015-04-15'),
(16, 17, '2015-04-15'),
(16, 18, '2015-04-15'),
(16, 20, '2015-04-15'),
(16, 22, '2015-04-15'),
(16, 23, '2015-04-15'),
(17, 16, '2015-04-15'),
(17, 17, '2015-04-15'),
(17, 18, '2015-04-15'),
(17, 20, '2015-04-15'),
(17, 21, '2015-04-15'),
(17, 24, '2015-04-15'),
(18, 16, '2015-04-15'),
(18, 17, '2015-04-15'),
(18, 20, '2015-04-15'),
(18, 21, '2015-04-15'),
(18, 23, '2015-04-15'),
(18, 25, '2015-04-15'),
(19, 16, '2015-04-15'),
(19, 17, '2015-04-15'),
(19, 18, '2015-04-15'),
(19, 22, '2015-04-15'),
(19, 24, '2015-04-15'),
(19, 25, '2015-04-15'),
(19, 26, '2015-04-15'),
(20, 16, '2015-04-15'),
(20, 17, '2015-04-15'),
(20, 20, '2015-04-15'),
(20, 21, '2015-04-15'),
(20, 23, '2015-04-15'),
(20, 24, '2015-04-15'),
(20, 25, '2015-04-15'),
(21, 7, '2015-04-15'),
(21, 9, '2015-04-15'),
(21, 10, '2015-04-15'),
(21, 11, '2015-04-15'),
(21, 12, '2015-04-15'),
(21, 13, '2015-04-15'),
(21, 15, '2015-04-15'),
(21, 16, '2016-04-15'),
(21, 17, '2016-04-15'),
(21, 18, '2016-04-15'),
(21, 20, '2015-04-15'),
(21, 21, '2016-04-15'),
(21, 22, '2016-04-15'),
(21, 23, '2016-04-15'),
(21, 24, '2016-04-15'),
(21, 25, '2015-04-15'),
(21, 26, '2016-04-15'),
(22, 7, '2015-04-15'),
(22, 9, '2015-04-15'),
(22, 10, '2015-04-15'),
(22, 11, '2015-04-15'),
(22, 12, '2015-04-15'),
(22, 13, '2015-04-15'),
(22, 14, '2015-04-15'),
(22, 16, '2016-04-15'),
(22, 17, '2016-04-15'),
(22, 18, '2016-04-15'),
(22, 20, '2016-04-15'),
(22, 21, '2016-04-15'),
(22, 22, '2016-04-15'),
(22, 23, '2016-04-15'),
(22, 24, '2016-04-15'),
(22, 26, '2016-04-15'),
(23, 7, '2015-04-15'),
(23, 9, '2015-04-15'),
(23, 10, '2015-04-15'),
(23, 11, '2015-04-15'),
(23, 12, '2015-04-15'),
(23, 13, '2015-04-15'),
(23, 14, '2015-04-15'),
(23, 15, '2015-04-15'),
(23, 16, '2016-04-15'),
(23, 17, '2016-04-15'),
(23, 18, '2016-04-15'),
(23, 20, '2016-04-15'),
(23, 21, '2016-04-15'),
(23, 22, '2015-04-15'),
(23, 24, '2015-04-15'),
(23, 25, '2016-04-15'),
(23, 26, '2016-04-15'),
(24, 7, '2015-04-15'),
(24, 9, '2015-04-15'),
(24, 10, '2015-04-15'),
(24, 11, '2015-04-15'),
(24, 12, '2015-04-15'),
(24, 13, '2015-04-15'),
(24, 14, '2015-04-15'),
(24, 15, '2015-04-15'),
(24, 16, '2016-04-15'),
(24, 17, '2016-04-15'),
(24, 18, '2015-04-15'),
(24, 20, '2016-04-15'),
(24, 21, '2016-04-15'),
(24, 22, '2016-04-15'),
(24, 23, '2016-04-15'),
(24, 24, '2016-04-15'),
(24, 25, '2016-04-15'),
(24, 26, '2016-04-15'),
(25, 7, '2015-04-15'),
(25, 9, '2015-04-15'),
(25, 10, '2015-04-15'),
(25, 11, '2015-04-15'),
(25, 12, '2015-04-15'),
(25, 13, '2015-04-15'),
(25, 14, '2015-04-15'),
(25, 15, '2015-04-15'),
(25, 16, '2016-04-15'),
(25, 17, '2016-04-15'),
(25, 18, '2016-04-15'),
(25, 20, '2016-04-15'),
(25, 21, '2016-04-15'),
(25, 24, '2016-04-15'),
(25, 25, '2016-04-15'),
(26, 7, '2015-04-15'),
(26, 9, '2015-04-15'),
(26, 10, '2015-04-15'),
(26, 11, '2015-04-15'),
(26, 12, '2015-04-15'),
(26, 14, '2015-04-15'),
(26, 15, '2015-04-15'),
(26, 16, '2016-04-15'),
(26, 17, '2016-04-15'),
(26, 18, '2016-04-15'),
(26, 20, '2016-04-15'),
(26, 21, '2015-04-15'),
(26, 22, '2015-04-15'),
(26, 23, '2015-04-15'),
(26, 24, '2016-04-15'),
(26, 25, '2016-04-15'),
(26, 26, '2015-04-15'),
(27, 7, '2015-04-15'),
(27, 9, '2015-04-15'),
(27, 10, '2015-04-15'),
(27, 11, '2015-04-15'),
(27, 12, '2015-04-15'),
(27, 13, '2015-04-15'),
(27, 15, '2015-04-15'),
(27, 16, '2016-04-15'),
(27, 17, '2016-04-15'),
(27, 18, '2016-04-15'),
(27, 20, '2016-04-15'),
(27, 21, '2016-04-15'),
(27, 22, '2015-04-15'),
(27, 23, '2016-04-15'),
(27, 24, '2016-04-15'),
(27, 25, '2015-04-15'),
(27, 26, '2015-04-15'),
(28, 7, '2015-04-15'),
(28, 9, '2015-04-15'),
(28, 10, '2015-04-15'),
(28, 11, '2015-04-15'),
(28, 12, '2015-04-15'),
(28, 13, '2015-04-15'),
(28, 14, '2015-04-15'),
(28, 15, '2015-04-15'),
(28, 16, '2016-04-15'),
(28, 17, '2016-04-15'),
(28, 18, '2016-04-15'),
(28, 20, '2015-04-15'),
(28, 21, '2016-04-15'),
(28, 22, '2016-04-15'),
(28, 24, '2016-04-15'),
(28, 25, '2015-04-15'),
(29, 7, '2015-04-15'),
(29, 9, '2015-04-15'),
(29, 10, '2015-04-15'),
(29, 11, '2015-04-15'),
(29, 12, '2015-04-15'),
(29, 13, '2015-04-15'),
(29, 14, '2015-04-15'),
(29, 16, '2016-04-15'),
(29, 17, '2016-04-15'),
(29, 20, '2016-04-15'),
(29, 21, '2016-04-15'),
(29, 23, '2016-04-15'),
(29, 24, '2016-04-15'),
(29, 25, '2015-04-15'),
(29, 26, '2016-04-15'),
(30, 7, '2015-04-15'),
(30, 9, '2015-04-15'),
(30, 10, '2015-04-15'),
(30, 11, '2015-04-15'),
(30, 12, '2015-04-15'),
(30, 14, '2015-04-15'),
(30, 15, '2015-04-15'),
(30, 16, '2016-04-15'),
(30, 17, '2016-04-15'),
(30, 18, '2016-04-15'),
(30, 20, '2016-04-15'),
(30, 21, '2016-04-15'),
(30, 22, '2015-04-15'),
(30, 23, '2015-04-15'),
(30, 25, '2016-04-15'),
(30, 26, '2016-04-15'),
(31, 7, '2015-04-15'),
(31, 9, '2015-04-15'),
(31, 10, '2015-04-15'),
(31, 11, '2015-04-15'),
(31, 12, '2015-04-15'),
(31, 13, '2015-04-15'),
(31, 14, '2015-04-15'),
(31, 16, '2016-04-15'),
(31, 17, '2016-04-15'),
(31, 18, '2016-04-15'),
(31, 20, '2016-04-15'),
(31, 21, '2015-04-15'),
(31, 22, '2015-04-15'),
(31, 23, '2015-04-15'),
(31, 24, '2016-04-15'),
(31, 25, '2015-04-15'),
(31, 26, '2016-04-15'),
(32, 7, '2015-04-15'),
(32, 9, '2015-04-15'),
(32, 10, '2015-04-15'),
(32, 11, '2015-04-15'),
(32, 12, '2015-04-15'),
(32, 13, '2015-04-15'),
(32, 14, '2015-04-15'),
(32, 15, '2015-04-15'),
(32, 16, '2016-04-15'),
(32, 17, '2016-04-15'),
(32, 18, '2015-04-15'),
(32, 20, '2016-04-15'),
(32, 21, '2016-04-15'),
(32, 22, '2015-04-15'),
(32, 23, '2016-04-15'),
(32, 24, '2016-04-15'),
(32, 25, '2015-04-15'),
(32, 26, '2016-04-15'),
(33, 7, '2015-04-15'),
(33, 9, '2015-04-15'),
(33, 10, '2015-04-15'),
(33, 11, '2015-04-15'),
(33, 12, '2015-04-15'),
(33, 13, '2015-04-15'),
(33, 14, '2015-04-15'),
(33, 15, '2015-04-15'),
(33, 16, '2016-04-15'),
(33, 17, '2016-04-15'),
(33, 18, '2016-04-15'),
(33, 20, '2015-04-15'),
(33, 21, '2015-04-15'),
(33, 23, '2016-04-15'),
(33, 24, '2016-04-15'),
(33, 25, '2016-04-15'),
(33, 26, '2016-04-15'),
(34, 7, '2015-04-15'),
(34, 9, '2015-04-15'),
(34, 10, '2015-04-15'),
(34, 11, '2015-04-15'),
(34, 12, '2015-04-15'),
(34, 14, '2015-04-15'),
(34, 15, '2015-04-15'),
(34, 16, '2016-04-15'),
(34, 17, '2016-04-15'),
(34, 18, '2016-04-15'),
(34, 20, '2016-04-15'),
(34, 21, '2015-04-15'),
(34, 22, '2016-04-15'),
(34, 23, '2016-04-15'),
(34, 26, '2016-04-15'),
(35, 7, '2015-04-15'),
(35, 9, '2015-04-15'),
(35, 10, '2015-04-15'),
(35, 11, '2015-04-15'),
(35, 12, '2015-04-15'),
(35, 13, '2015-04-15'),
(35, 14, '2015-04-15'),
(35, 16, '2016-04-15'),
(35, 17, '2016-04-15'),
(35, 20, '2016-04-15'),
(35, 21, '2016-04-15'),
(35, 22, '2015-04-15'),
(35, 23, '2016-04-15'),
(35, 24, '2016-04-15'),
(35, 25, '2016-04-15'),
(36, 7, '2015-04-15'),
(36, 9, '2015-04-15'),
(36, 10, '2015-04-15'),
(36, 11, '2015-04-15'),
(36, 12, '2015-04-15'),
(36, 13, '2015-04-15'),
(36, 14, '2015-04-15'),
(36, 16, '2016-04-15'),
(36, 17, '2016-04-15'),
(36, 18, '2016-04-15'),
(36, 20, '2016-04-15'),
(36, 22, '2016-04-15'),
(36, 23, '2016-04-15'),
(36, 26, '2016-04-15'),
(37, 7, '2015-04-15'),
(37, 9, '2015-04-15'),
(37, 10, '2015-04-15'),
(37, 11, '2015-04-15'),
(37, 12, '2015-04-15'),
(37, 13, '2015-04-15'),
(37, 14, '2015-04-15'),
(37, 16, '2016-04-15'),
(37, 17, '2016-04-15'),
(37, 18, '2015-04-15'),
(37, 20, '2015-04-15'),
(37, 22, '2015-04-15'),
(37, 23, '2016-04-15'),
(37, 24, '2016-04-15'),
(37, 25, '2016-04-15'),
(37, 26, '2016-04-15'),
(38, 7, '2015-04-15'),
(38, 9, '2015-04-15'),
(38, 10, '2015-04-15'),
(38, 11, '2015-04-15'),
(38, 12, '2015-04-15'),
(38, 13, '2015-04-15'),
(38, 14, '2015-04-15'),
(38, 16, '2016-04-15'),
(38, 17, '2016-04-15'),
(38, 20, '2016-04-15'),
(38, 21, '2016-04-15'),
(38, 22, '2015-04-15'),
(38, 24, '2015-04-15'),
(38, 25, '2016-04-15'),
(38, 26, '2016-04-15'),
(39, 7, '2015-04-15'),
(39, 9, '2015-04-15'),
(39, 10, '2015-04-15'),
(39, 11, '2015-04-15'),
(39, 12, '2015-04-15'),
(39, 13, '2015-04-15'),
(39, 14, '2015-04-15'),
(39, 15, '2015-04-15'),
(39, 16, '2016-04-15'),
(39, 17, '2016-04-15'),
(39, 20, '2016-04-15'),
(39, 21, '2016-04-15'),
(39, 22, '2016-04-15'),
(39, 23, '2015-04-15'),
(39, 24, '2015-04-15'),
(39, 26, '2016-04-15'),
(40, 7, '2015-04-15'),
(40, 9, '2015-04-15'),
(40, 10, '2015-04-15'),
(40, 11, '2015-04-15'),
(40, 12, '2015-04-15'),
(40, 13, '2015-04-15'),
(40, 15, '2015-04-15'),
(40, 16, '2016-04-15'),
(40, 17, '2016-04-15'),
(40, 18, '2016-04-15'),
(40, 20, '2016-04-15'),
(40, 21, '2016-04-15'),
(40, 22, '2016-04-15'),
(40, 23, '2016-04-15'),
(40, 24, '2016-04-15'),
(41, 1, '2015-04-15'),
(41, 2, '2015-04-15'),
(41, 3, '2015-04-15'),
(41, 4, '2015-04-15'),
(41, 5, '2015-04-15'),
(41, 6, '2015-04-15'),
(41, 7, '2016-04-15'),
(41, 9, '2016-04-15'),
(41, 10, '2016-04-15'),
(41, 11, '2016-04-15'),
(41, 12, '2016-04-15'),
(41, 13, '2016-04-15'),
(41, 14, '2016-04-15'),
(41, 15, '2016-04-15'),
(41, 16, '2017-04-15'),
(41, 17, '2017-04-15'),
(41, 18, '2016-04-15'),
(41, 22, '2017-04-15'),
(41, 23, '2016-04-15'),
(41, 24, '2017-04-15'),
(41, 25, '2017-04-15'),
(42, 1, '2015-04-15'),
(42, 2, '2015-04-15'),
(42, 3, '2015-04-15'),
(42, 4, '2015-04-15'),
(42, 5, '2015-04-15'),
(42, 6, '2015-04-15'),
(42, 7, '2016-04-15'),
(42, 9, '2016-04-15'),
(42, 10, '2016-04-15'),
(42, 11, '2016-04-15'),
(42, 12, '2016-04-15'),
(42, 13, '2016-04-15'),
(42, 14, '2015-04-15'),
(42, 15, '2016-04-15'),
(42, 16, '2017-04-15'),
(42, 17, '2017-04-15'),
(42, 20, '2017-04-15'),
(42, 21, '2016-04-15'),
(42, 22, '2017-04-15'),
(42, 24, '2017-04-15'),
(42, 25, '2017-04-15'),
(42, 26, '2017-04-15'),
(43, 1, '2015-04-15'),
(43, 2, '2015-04-15'),
(43, 3, '2015-04-15'),
(43, 4, '2015-04-15'),
(43, 5, '2015-04-15'),
(43, 6, '2015-04-15'),
(43, 7, '2016-04-15'),
(43, 9, '2016-04-15'),
(43, 10, '2016-04-15'),
(43, 11, '2016-04-15'),
(43, 12, '2016-04-15'),
(43, 13, '2016-04-15'),
(43, 14, '2016-04-15'),
(43, 15, '2015-04-15'),
(43, 16, '2017-04-15'),
(43, 17, '2017-04-15'),
(43, 18, '2016-04-15'),
(43, 20, '2017-04-15'),
(43, 21, '2017-04-15'),
(43, 22, '2017-04-15'),
(43, 25, '2016-04-15'),
(43, 26, '2017-04-15'),
(44, 1, '2015-04-15'),
(44, 2, '2015-04-15'),
(44, 3, '2015-04-15'),
(44, 4, '2015-04-15'),
(44, 5, '2015-04-15'),
(44, 6, '2015-04-15'),
(44, 7, '2016-04-15'),
(44, 9, '2016-04-15'),
(44, 10, '2016-04-15'),
(44, 11, '2016-04-15'),
(44, 12, '2016-04-15'),
(44, 13, '2016-04-15'),
(44, 14, '2016-04-15'),
(44, 15, '2016-04-15'),
(44, 16, '2017-04-15'),
(44, 17, '2017-04-15'),
(44, 18, '2017-04-15'),
(44, 20, '2016-04-15'),
(44, 21, '2017-04-15'),
(44, 22, '2017-04-15'),
(44, 24, '2016-04-15'),
(44, 25, '2017-04-15'),
(44, 26, '2017-04-15'),
(45, 1, '2015-04-15'),
(45, 2, '2015-04-15'),
(45, 3, '2015-04-15'),
(45, 4, '2015-04-15'),
(45, 5, '2015-04-15'),
(45, 6, '2015-04-15'),
(45, 7, '2016-04-15'),
(45, 9, '2016-04-15'),
(45, 10, '2016-04-15'),
(45, 11, '2016-04-15'),
(45, 12, '2016-04-15'),
(45, 13, '2016-04-15'),
(45, 14, '2016-04-15'),
(45, 15, '2016-04-15'),
(45, 16, '2017-04-15'),
(45, 17, '2017-04-15'),
(45, 18, '2017-04-15'),
(45, 21, '2016-04-15'),
(45, 22, '2017-04-15'),
(45, 23, '2017-04-15'),
(45, 24, '2017-04-15'),
(45, 25, '2016-04-15'),
(45, 26, '2017-04-15'),
(46, 1, '2015-04-15'),
(46, 2, '2015-04-15'),
(46, 3, '2015-04-15'),
(46, 4, '2015-04-15'),
(46, 5, '2015-04-15'),
(46, 6, '2015-04-15'),
(46, 7, '2016-04-15'),
(46, 9, '2016-04-15'),
(46, 10, '2016-04-15'),
(46, 11, '2016-04-15'),
(46, 12, '2016-04-15'),
(46, 13, '2015-04-15'),
(46, 14, '2016-04-15'),
(46, 15, '2015-04-15'),
(46, 16, '2017-04-15'),
(46, 17, '2017-04-15'),
(46, 18, '2016-04-15'),
(46, 20, '2017-04-15'),
(46, 21, '2016-04-15'),
(46, 22, '2017-04-15'),
(46, 23, '2017-04-15'),
(46, 24, '2016-04-15'),
(46, 25, '2016-04-15'),
(46, 26, '2017-04-15'),
(47, 1, '2015-04-15'),
(47, 2, '2015-04-15'),
(47, 3, '2015-04-15'),
(47, 4, '2015-04-15'),
(47, 5, '2015-04-15'),
(47, 6, '2015-04-15'),
(47, 7, '2016-04-15'),
(47, 9, '2016-04-15'),
(47, 10, '2016-04-15'),
(47, 11, '2016-04-15'),
(47, 12, '2016-04-15'),
(47, 13, '2016-04-15'),
(47, 14, '2016-04-15'),
(47, 15, '2016-04-15'),
(47, 16, '2017-04-15'),
(47, 17, '2017-04-15'),
(47, 18, '2017-04-15'),
(47, 20, '2017-04-15'),
(47, 23, '2017-04-15'),
(47, 24, '2016-04-15'),
(47, 25, '2016-04-15'),
(47, 26, '2017-04-15'),
(48, 1, '2015-04-15'),
(48, 2, '2015-04-15'),
(48, 3, '2015-04-15'),
(48, 4, '2015-04-15'),
(48, 5, '2015-04-15'),
(48, 6, '2015-04-15'),
(48, 7, '2016-04-15'),
(48, 9, '2016-04-15'),
(48, 10, '2016-04-15'),
(48, 11, '2016-04-15'),
(48, 12, '2016-04-15'),
(48, 13, '2016-04-15'),
(48, 14, '2016-04-15'),
(48, 15, '2016-04-15'),
(48, 16, '2017-04-15'),
(48, 17, '2017-04-15'),
(48, 20, '2017-04-15'),
(48, 21, '2017-04-15'),
(48, 22, '2017-04-15'),
(48, 23, '2017-04-15'),
(48, 24, '2017-04-15'),
(48, 25, '2016-04-15'),
(48, 26, '2016-04-15'),
(49, 1, '2015-04-15'),
(49, 2, '2015-04-15'),
(49, 3, '2015-04-15'),
(49, 4, '2015-04-15'),
(49, 5, '2015-04-15'),
(49, 6, '2015-04-15'),
(49, 7, '2016-04-15'),
(49, 9, '2016-04-15'),
(49, 10, '2016-04-15'),
(49, 11, '2016-04-15'),
(49, 12, '2016-04-15'),
(49, 13, '2016-04-15'),
(49, 14, '2016-04-15'),
(49, 15, '2016-04-15'),
(49, 16, '2017-04-15'),
(49, 17, '2017-04-15'),
(49, 18, '2017-04-15'),
(49, 21, '2016-04-15'),
(49, 22, '2016-04-15'),
(49, 23, '2017-04-15'),
(49, 24, '2017-04-15'),
(49, 25, '2017-04-15'),
(49, 26, '2016-04-15'),
(50, 1, '2015-04-15'),
(50, 2, '2015-04-15'),
(50, 3, '2015-04-15'),
(50, 4, '2015-04-15'),
(50, 5, '2015-04-15'),
(50, 6, '2015-04-15'),
(50, 7, '2016-04-15'),
(50, 9, '2016-04-15'),
(50, 10, '2016-04-15'),
(50, 11, '2016-04-15'),
(50, 12, '2016-04-15'),
(50, 13, '2016-04-15'),
(50, 14, '2016-04-15'),
(50, 15, '2016-04-15'),
(50, 16, '2017-04-15'),
(50, 17, '2017-04-15'),
(50, 18, '2017-04-15'),
(50, 20, '2017-04-15'),
(50, 21, '2017-04-15'),
(50, 22, '2016-04-15'),
(50, 23, '2016-04-15'),
(50, 26, '2017-04-15'),
(51, 1, '2015-04-15'),
(51, 2, '2015-04-15'),
(51, 3, '2015-04-15'),
(51, 4, '2015-04-15'),
(51, 5, '2015-04-15'),
(51, 6, '2015-04-15'),
(51, 7, '2016-04-15'),
(51, 9, '2016-04-15'),
(51, 10, '2016-04-15'),
(51, 11, '2016-04-15'),
(51, 12, '2016-04-15'),
(51, 13, '2016-04-15'),
(51, 14, '2016-04-15'),
(51, 15, '2016-04-15'),
(51, 16, '2017-04-15'),
(51, 17, '2017-04-15'),
(51, 20, '2017-04-15'),
(51, 21, '2017-04-15'),
(51, 22, '2016-04-15'),
(51, 23, '2017-04-15'),
(51, 24, '2016-04-15'),
(51, 25, '2016-04-15'),
(51, 26, '2017-04-15'),
(52, 1, '2015-04-15'),
(52, 2, '2015-04-15'),
(52, 3, '2015-04-15'),
(52, 4, '2015-04-15'),
(52, 5, '2015-04-15'),
(52, 6, '2015-04-15'),
(52, 7, '2016-04-15'),
(52, 9, '2016-04-15'),
(52, 10, '2016-04-15'),
(52, 11, '2016-04-15'),
(52, 12, '2016-04-15'),
(52, 13, '2016-04-15'),
(52, 15, '2016-04-15'),
(52, 16, '2017-04-15'),
(52, 17, '2017-04-15'),
(52, 18, '2017-04-15'),
(52, 20, '2017-04-15'),
(52, 21, '2017-04-15'),
(52, 23, '2017-04-15'),
(52, 24, '2017-04-15'),
(52, 25, '2017-04-15'),
(52, 26, '2017-04-15'),
(53, 1, '2015-04-15'),
(53, 2, '2015-04-15'),
(53, 3, '2015-04-15'),
(53, 4, '2015-04-15'),
(53, 5, '2015-04-15'),
(53, 6, '2015-04-15'),
(53, 7, '2016-04-15'),
(53, 9, '2016-04-15'),
(53, 10, '2016-04-15'),
(53, 11, '2016-04-15'),
(53, 12, '2016-04-15'),
(53, 13, '2016-04-15'),
(53, 14, '2016-04-15'),
(53, 15, '2015-04-15'),
(53, 16, '2017-04-15'),
(53, 17, '2017-04-15'),
(53, 18, '2017-04-15'),
(53, 20, '2017-04-15'),
(53, 21, '2017-04-15'),
(53, 23, '2016-04-15'),
(53, 24, '2016-04-15'),
(53, 25, '2017-04-15'),
(53, 26, '2017-04-15'),
(54, 1, '2015-04-15'),
(54, 2, '2015-04-15'),
(54, 3, '2015-04-15'),
(54, 4, '2015-04-15'),
(54, 5, '2015-04-15'),
(54, 6, '2015-04-15'),
(54, 7, '2016-04-15'),
(54, 9, '2016-04-15'),
(54, 10, '2016-04-15'),
(54, 11, '2016-04-15'),
(54, 12, '2016-04-15'),
(54, 13, '2016-04-15'),
(54, 14, '2016-04-15'),
(54, 15, '2016-04-15'),
(54, 16, '2017-04-15'),
(54, 17, '2017-04-15'),
(54, 20, '2017-04-15'),
(54, 21, '2017-04-15'),
(54, 22, '2017-04-15'),
(54, 23, '2016-04-15'),
(54, 24, '2017-04-15'),
(54, 25, '2016-04-15'),
(54, 26, '2017-04-15'),
(55, 1, '2015-04-15'),
(55, 2, '2015-04-15'),
(55, 3, '2015-04-15'),
(55, 4, '2015-04-15'),
(55, 5, '2015-04-15'),
(55, 6, '2015-04-15'),
(55, 7, '2016-04-15'),
(55, 9, '2016-04-15'),
(55, 10, '2016-04-15'),
(55, 11, '2016-04-15'),
(55, 12, '2016-04-15'),
(55, 14, '2016-04-15'),
(55, 15, '2016-04-15'),
(55, 16, '2017-04-15'),
(55, 17, '2017-04-15'),
(55, 18, '2017-04-15'),
(55, 20, '2016-04-15'),
(55, 21, '2017-04-15'),
(55, 22, '2016-04-15'),
(55, 23, '2017-04-15'),
(55, 24, '2017-04-15'),
(55, 25, '2016-04-15'),
(55, 26, '2017-04-15'),
(56, 1, '2015-04-15'),
(56, 2, '2015-04-15'),
(56, 3, '2015-04-15'),
(56, 4, '2015-04-15'),
(56, 5, '2015-04-15'),
(56, 6, '2015-04-15'),
(56, 7, '2016-04-15'),
(56, 9, '2016-04-15'),
(56, 10, '2016-04-15'),
(56, 11, '2016-04-15'),
(56, 12, '2016-04-15'),
(56, 13, '2016-04-15'),
(56, 14, '2016-04-15'),
(56, 15, '2016-04-15'),
(56, 16, '2017-04-15'),
(56, 17, '2017-04-15'),
(56, 20, '2016-04-15'),
(56, 21, '2017-04-15'),
(56, 22, '2016-04-15'),
(56, 24, '2017-04-15'),
(56, 25, '2017-04-15'),
(56, 26, '2017-04-15'),
(57, 1, '2015-04-15'),
(57, 2, '2015-04-15'),
(57, 3, '2015-04-15'),
(57, 4, '2015-04-15'),
(57, 5, '2015-04-15'),
(57, 6, '2015-04-15'),
(57, 7, '2016-04-15'),
(57, 9, '2016-04-15'),
(57, 10, '2016-04-15'),
(57, 11, '2016-04-15'),
(57, 12, '2016-04-15'),
(57, 13, '2016-04-15'),
(57, 14, '2016-04-15'),
(57, 15, '2016-04-15'),
(57, 16, '2017-04-15'),
(57, 17, '2017-04-15'),
(57, 21, '2017-04-15'),
(57, 22, '2017-04-15'),
(57, 23, '2017-04-15'),
(57, 24, '2016-04-15'),
(57, 25, '2017-04-15'),
(57, 26, '2017-04-15'),
(58, 1, '2015-04-15'),
(58, 2, '2015-04-15'),
(58, 3, '2015-04-15'),
(58, 4, '2015-04-15'),
(58, 5, '2015-04-15'),
(58, 6, '2015-04-15'),
(58, 7, '2016-04-15'),
(58, 9, '2016-04-15'),
(58, 10, '2016-04-15'),
(58, 11, '2016-04-15'),
(58, 12, '2016-04-15'),
(58, 13, '2016-04-15'),
(58, 14, '2016-04-15'),
(58, 15, '2016-04-15'),
(58, 16, '2017-04-15'),
(58, 17, '2017-04-15'),
(58, 20, '2017-04-15'),
(58, 22, '2016-04-15'),
(58, 23, '2017-04-15'),
(58, 24, '2017-04-15'),
(58, 25, '2017-04-15'),
(58, 26, '2017-04-15'),
(59, 1, '2015-04-15'),
(59, 2, '2015-04-15'),
(59, 3, '2015-04-15'),
(59, 4, '2015-04-15'),
(59, 5, '2015-04-15'),
(59, 6, '2015-04-15'),
(59, 7, '2016-04-15'),
(59, 9, '2016-04-15'),
(59, 10, '2016-04-15'),
(59, 11, '2016-04-15'),
(59, 12, '2016-04-15'),
(59, 13, '2016-04-15'),
(59, 14, '2016-04-15'),
(59, 15, '2016-04-15'),
(59, 16, '2017-04-15'),
(59, 17, '2017-04-15'),
(59, 18, '2017-04-15'),
(59, 20, '2017-04-15'),
(59, 23, '2016-04-15'),
(59, 24, '2017-04-15'),
(59, 25, '2017-04-15'),
(59, 26, '2017-04-15'),
(60, 1, '2015-04-15'),
(60, 2, '2015-04-15'),
(60, 3, '2015-04-15'),
(60, 4, '2015-04-15'),
(60, 5, '2015-04-15'),
(60, 6, '2015-04-15'),
(60, 7, '2016-04-15'),
(60, 9, '2016-04-15'),
(60, 10, '2016-04-15'),
(60, 11, '2016-04-15'),
(60, 12, '2016-04-15'),
(60, 13, '2016-04-15'),
(60, 14, '2016-04-15'),
(60, 15, '2016-04-15'),
(60, 16, '2017-04-15'),
(60, 17, '2017-04-15'),
(60, 18, '2016-04-15'),
(60, 20, '2017-04-15'),
(60, 21, '2017-04-15'),
(60, 22, '2017-04-15'),
(60, 24, '2017-04-15'),
(60, 25, '2017-04-15'),
(60, 26, '2016-04-15'),
(61, 1, '2016-04-15'),
(61, 2, '2016-04-15'),
(61, 3, '2016-04-15'),
(61, 4, '2016-04-15'),
(61, 5, '2016-04-15'),
(61, 6, '2016-04-15'),
(61, 7, '2017-04-15'),
(61, 9, '2017-04-15'),
(61, 10, '2017-04-15'),
(61, 11, '2017-04-15'),
(61, 12, '2017-04-15'),
(61, 13, '2017-04-15'),
(61, 14, '2017-04-15'),
(61, 16, '2018-04-15'),
(61, 17, '2018-04-15'),
(61, 18, '2018-04-15'),
(61, 20, '2018-04-15'),
(61, 21, '2015-04-15'),
(61, 22, '2017-04-15'),
(61, 23, '2018-04-15'),
(61, 24, '2018-04-15'),
(61, 25, '2018-04-15'),
(61, 26, '2018-04-15'),
(62, 1, '2016-04-15'),
(62, 2, '2016-04-15'),
(62, 3, '2016-04-15'),
(62, 4, '2016-04-15'),
(62, 5, '2016-04-15'),
(62, 6, '2016-04-15'),
(62, 7, '2017-04-15'),
(62, 9, '2017-04-15'),
(62, 10, '2017-04-15'),
(62, 11, '2017-04-15'),
(62, 12, '2017-04-15'),
(62, 13, '2017-04-15'),
(62, 14, '2017-04-15'),
(62, 15, '2017-04-15'),
(62, 16, '2018-04-15'),
(62, 17, '2018-04-15'),
(62, 18, '2018-04-15'),
(62, 20, '2018-04-15'),
(62, 21, '2015-04-15'),
(62, 22, '2015-04-15'),
(62, 24, '2018-04-15'),
(62, 25, '2018-04-15'),
(62, 26, '2017-04-15'),
(63, 1, '2016-04-15'),
(63, 2, '2016-04-15'),
(63, 3, '2016-04-15'),
(63, 4, '2016-04-15'),
(63, 5, '2016-04-15'),
(63, 6, '2016-04-15'),
(63, 7, '2017-04-15'),
(63, 9, '2017-04-15'),
(63, 10, '2017-04-15'),
(63, 11, '2017-04-15'),
(63, 12, '2017-04-15'),
(63, 13, '2017-04-15'),
(63, 14, '2017-04-15'),
(63, 15, '2016-04-15'),
(63, 16, '2018-04-15'),
(63, 17, '2018-04-15'),
(63, 18, '2017-04-15'),
(63, 21, '2017-04-15'),
(63, 22, '2018-04-15'),
(63, 24, '2018-04-15'),
(63, 25, '2018-04-15'),
(63, 26, '2017-04-15'),
(64, 1, '2016-04-15'),
(64, 2, '2016-04-15'),
(64, 3, '2016-04-15'),
(64, 4, '2016-04-15'),
(64, 5, '2016-04-15'),
(64, 6, '2016-04-15'),
(64, 7, '2017-04-15'),
(64, 9, '2017-04-15'),
(64, 10, '2017-04-15'),
(64, 11, '2017-04-15'),
(64, 12, '2017-04-15'),
(64, 13, '2017-04-15'),
(64, 14, '2016-04-15'),
(64, 15, '2016-04-15'),
(64, 16, '2018-04-15'),
(64, 17, '2018-04-15'),
(64, 18, '2017-04-15'),
(64, 20, '2017-04-15'),
(64, 21, '2017-04-15'),
(64, 22, '2018-04-15'),
(64, 23, '2018-04-15'),
(64, 24, '2018-04-15'),
(64, 25, '2018-04-15'),
(65, 1, '2016-04-15'),
(65, 2, '2016-04-15'),
(65, 3, '2016-04-15'),
(65, 4, '2016-04-15'),
(65, 5, '2016-04-15'),
(65, 6, '2016-04-15'),
(65, 7, '2017-04-15'),
(65, 9, '2017-04-15'),
(65, 10, '2017-04-15'),
(65, 11, '2017-04-15'),
(65, 12, '2017-04-15'),
(65, 13, '2017-04-15'),
(65, 14, '2017-04-15'),
(65, 15, '2017-04-15'),
(65, 16, '2018-04-15'),
(65, 17, '2018-04-15'),
(65, 18, '2015-04-15'),
(65, 20, '2018-04-15'),
(65, 21, '2018-04-15'),
(65, 22, '2018-04-15'),
(65, 23, '2017-04-15'),
(65, 24, '2017-04-15'),
(65, 26, '2018-04-15'),
(66, 1, '2016-04-15'),
(66, 2, '2016-04-15'),
(66, 3, '2016-04-15'),
(66, 4, '2016-04-15'),
(66, 5, '2016-04-15'),
(66, 6, '2016-04-15'),
(66, 7, '2017-04-15'),
(66, 9, '2017-04-15'),
(66, 10, '2017-04-15'),
(66, 11, '2017-04-15'),
(66, 12, '2017-04-15'),
(66, 13, '2017-04-15'),
(66, 14, '2017-04-15'),
(66, 16, '2018-04-15'),
(66, 17, '2018-04-15'),
(66, 18, '2018-04-15'),
(66, 20, '2017-04-15'),
(66, 21, '2017-04-15'),
(66, 22, '2018-04-15'),
(66, 23, '2017-04-15'),
(66, 24, '2018-04-15'),
(66, 26, '2018-04-15'),
(67, 1, '2016-04-15'),
(67, 2, '2016-04-15'),
(67, 3, '2016-04-15'),
(67, 4, '2016-04-15'),
(67, 5, '2016-04-15'),
(67, 6, '2016-04-15'),
(67, 7, '2017-04-15'),
(67, 9, '2017-04-15'),
(67, 10, '2017-04-15'),
(67, 11, '2017-04-15'),
(67, 12, '2017-04-15'),
(67, 13, '2017-04-15'),
(67, 15, '2017-04-15'),
(67, 16, '2018-04-15'),
(67, 17, '2018-04-15'),
(67, 18, '2017-04-15'),
(67, 20, '2018-04-15'),
(67, 22, '2017-04-15'),
(67, 23, '2018-04-15'),
(67, 24, '2018-04-15'),
(67, 25, '2018-04-15'),
(67, 26, '2018-04-15'),
(68, 1, '2016-04-15'),
(68, 2, '2016-04-15'),
(68, 3, '2016-04-15'),
(68, 4, '2016-04-15'),
(68, 5, '2016-04-15'),
(68, 6, '2016-04-15'),
(68, 7, '2017-04-15'),
(68, 9, '2017-04-15'),
(68, 10, '2017-04-15'),
(68, 11, '2017-04-15'),
(68, 12, '2017-04-15'),
(68, 13, '2017-04-15'),
(68, 14, '2017-04-15'),
(68, 15, '2017-04-15'),
(68, 16, '2018-04-15'),
(68, 17, '2018-04-15'),
(68, 18, '2015-04-15'),
(68, 20, '2018-04-15'),
(68, 21, '2018-04-15'),
(68, 22, '2018-04-15'),
(68, 23, '2018-04-15'),
(68, 24, '2018-04-15'),
(68, 25, '2017-04-15'),
(68, 26, '2018-04-15'),
(69, 1, '2016-04-15'),
(69, 2, '2016-04-15'),
(69, 3, '2016-04-15'),
(69, 4, '2016-04-15'),
(69, 5, '2016-04-15'),
(69, 6, '2016-04-15'),
(69, 7, '2017-04-15'),
(69, 9, '2017-04-15'),
(69, 10, '2017-04-15'),
(69, 11, '2017-04-15'),
(69, 12, '2017-04-15'),
(69, 13, '2017-04-15'),
(69, 14, '2017-04-15'),
(69, 15, '2017-04-15'),
(69, 16, '2018-04-15'),
(69, 17, '2018-04-15'),
(69, 18, '2018-04-15'),
(69, 20, '2017-04-15'),
(69, 21, '2018-04-15'),
(69, 22, '2017-04-15'),
(69, 23, '2018-04-15'),
(69, 24, '2018-04-15'),
(69, 25, '2017-04-15'),
(69, 26, '2018-04-15'),
(70, 1, '2016-04-15'),
(70, 2, '2016-04-15'),
(70, 3, '2016-04-15'),
(70, 4, '2016-04-15'),
(70, 5, '2016-04-15'),
(70, 6, '2016-04-15'),
(70, 7, '2017-04-15'),
(70, 9, '2017-04-15'),
(70, 10, '2017-04-15'),
(70, 11, '2017-04-15'),
(70, 12, '2017-04-15'),
(70, 13, '2017-04-15'),
(70, 14, '2017-04-15'),
(70, 15, '2017-04-15'),
(70, 16, '2018-04-15'),
(70, 17, '2018-04-15'),
(70, 18, '2018-04-15'),
(70, 20, '2017-04-15'),
(70, 21, '2018-04-15'),
(70, 22, '2018-04-15'),
(70, 23, '2018-04-15'),
(70, 24, '2018-04-15'),
(70, 25, '2018-04-15'),
(70, 26, '2015-04-15'),
(71, 1, '2016-04-15'),
(71, 2, '2016-04-15'),
(71, 3, '2016-04-15'),
(71, 4, '2016-04-15'),
(71, 5, '2016-04-15'),
(71, 6, '2016-04-15'),
(71, 7, '2017-04-15'),
(71, 9, '2017-04-15'),
(71, 10, '2017-04-15'),
(71, 11, '2017-04-15'),
(71, 12, '2017-04-15'),
(71, 13, '2017-04-15'),
(71, 14, '2016-04-15'),
(71, 15, '2016-04-15'),
(71, 16, '2018-04-15'),
(71, 17, '2018-04-15'),
(71, 18, '2017-04-15'),
(71, 20, '2018-04-15'),
(71, 21, '2017-04-15'),
(71, 22, '2017-04-15'),
(71, 23, '2015-04-15'),
(71, 24, '2018-04-15'),
(71, 25, '2018-04-15'),
(71, 26, '2017-04-15'),
(72, 1, '2016-04-15'),
(72, 2, '2016-04-15'),
(72, 3, '2016-04-15'),
(72, 4, '2016-04-15'),
(72, 5, '2016-04-15'),
(72, 6, '2016-04-15'),
(72, 7, '2017-04-15'),
(72, 9, '2017-04-15'),
(72, 10, '2017-04-15'),
(72, 11, '2017-04-15'),
(72, 12, '2017-04-15'),
(72, 14, '2017-04-15'),
(72, 15, '2017-04-15'),
(72, 16, '2018-04-15'),
(72, 17, '2018-04-15'),
(72, 18, '2017-04-15'),
(72, 20, '2017-04-15'),
(72, 21, '2018-04-15'),
(72, 22, '2018-04-15'),
(72, 23, '2018-04-15'),
(72, 24, '2018-04-15'),
(72, 25, '2015-04-15'),
(72, 26, '2018-04-15'),
(73, 1, '2016-04-15'),
(73, 2, '2016-04-15'),
(73, 3, '2016-04-15'),
(73, 4, '2016-04-15'),
(73, 5, '2016-04-15'),
(73, 6, '2016-04-15'),
(73, 7, '2017-04-15'),
(73, 9, '2017-04-15'),
(73, 10, '2017-04-15'),
(73, 11, '2017-04-15'),
(73, 12, '2017-04-15'),
(73, 13, '2017-04-15'),
(73, 14, '2017-04-15'),
(73, 15, '2017-04-15'),
(73, 16, '2018-04-15'),
(73, 17, '2018-04-15'),
(73, 18, '2017-04-15'),
(73, 20, '2015-04-15'),
(73, 21, '2015-04-15'),
(73, 22, '2015-04-15'),
(73, 23, '2017-04-15'),
(73, 24, '2018-04-15'),
(73, 25, '2018-04-15'),
(73, 26, '2018-04-15'),
(74, 1, '2016-04-15'),
(74, 2, '2016-04-15'),
(74, 3, '2016-04-15'),
(74, 4, '2016-04-15'),
(74, 5, '2016-04-15'),
(74, 6, '2016-04-15'),
(74, 7, '2017-04-15'),
(74, 9, '2017-04-15'),
(74, 10, '2017-04-15'),
(74, 11, '2017-04-15'),
(74, 12, '2017-04-15'),
(74, 14, '2017-04-15'),
(74, 15, '2017-04-15'),
(74, 16, '2018-04-15'),
(74, 17, '2018-04-15'),
(74, 18, '2015-04-15'),
(74, 20, '2018-04-15'),
(74, 21, '2017-04-15'),
(74, 22, '2018-04-15'),
(74, 23, '2018-04-15'),
(74, 24, '2017-04-15'),
(74, 25, '2017-04-15'),
(74, 26, '2018-04-15'),
(75, 1, '2016-04-15'),
(75, 2, '2016-04-15'),
(75, 3, '2016-04-15'),
(75, 4, '2016-04-15'),
(75, 5, '2016-04-15'),
(75, 6, '2016-04-15'),
(75, 7, '2017-04-15'),
(75, 9, '2017-04-15'),
(75, 10, '2017-04-15'),
(75, 11, '2017-04-15'),
(75, 12, '2017-04-15'),
(75, 13, '2017-04-15'),
(75, 14, '2017-04-15'),
(75, 15, '2017-04-15'),
(75, 16, '2018-04-15'),
(75, 17, '2018-04-15'),
(75, 18, '2017-04-15'),
(75, 21, '2018-04-15'),
(75, 22, '2015-04-15'),
(75, 23, '2018-04-15'),
(75, 24, '2017-04-15'),
(75, 25, '2018-04-15'),
(75, 26, '2018-04-15'),
(76, 1, '2016-04-15'),
(76, 2, '2016-04-15'),
(76, 3, '2016-04-15'),
(76, 4, '2016-04-15'),
(76, 5, '2016-04-15'),
(76, 6, '2016-04-15'),
(76, 7, '2017-04-15'),
(76, 9, '2017-04-15'),
(76, 10, '2017-04-15'),
(76, 11, '2017-04-15'),
(76, 12, '2017-04-15'),
(76, 13, '2017-04-15'),
(76, 14, '2017-04-15'),
(76, 15, '2017-04-15'),
(76, 16, '2018-04-15'),
(76, 17, '2018-04-15'),
(76, 18, '2018-04-15'),
(76, 20, '2015-04-15'),
(76, 21, '2017-04-15'),
(76, 22, '2018-04-15'),
(76, 23, '2018-04-15'),
(76, 24, '2018-04-15'),
(76, 25, '2017-04-15'),
(76, 26, '2018-04-15'),
(77, 1, '2016-04-15'),
(77, 2, '2016-04-15'),
(77, 3, '2016-04-15'),
(77, 4, '2016-04-15'),
(77, 5, '2016-04-15'),
(77, 6, '2016-04-15'),
(77, 7, '2017-04-15'),
(77, 9, '2017-04-15'),
(77, 10, '2017-04-15'),
(77, 11, '2017-04-15'),
(77, 12, '2017-04-15'),
(77, 13, '2017-04-15'),
(77, 15, '2017-04-15'),
(77, 16, '2018-04-15'),
(77, 17, '2018-04-15'),
(77, 18, '2018-04-15'),
(77, 20, '2018-04-15'),
(77, 21, '2018-04-15'),
(77, 22, '2018-04-15'),
(77, 23, '2018-04-15'),
(77, 24, '2017-04-15'),
(77, 25, '2018-04-15'),
(77, 26, '2018-04-15'),
(78, 1, '2016-04-15'),
(78, 2, '2016-04-15'),
(78, 3, '2016-04-15'),
(78, 4, '2016-04-15'),
(78, 5, '2016-04-15'),
(78, 6, '2016-04-15'),
(78, 7, '2017-04-15'),
(78, 9, '2017-04-15'),
(78, 10, '2017-04-15'),
(78, 11, '2017-04-15'),
(78, 12, '2017-04-15'),
(78, 13, '2017-04-15'),
(78, 14, '2017-04-15'),
(78, 15, '2016-04-15'),
(78, 16, '2018-04-15'),
(78, 17, '2018-04-15'),
(78, 18, '2015-04-15'),
(78, 20, '2018-04-15'),
(78, 21, '2018-04-15'),
(78, 22, '2018-04-15'),
(78, 23, '2017-04-15'),
(78, 24, '2017-04-15'),
(78, 25, '2018-04-15'),
(78, 26, '2018-04-15'),
(79, 1, '2016-04-15'),
(79, 2, '2016-04-15'),
(79, 3, '2016-04-15'),
(79, 4, '2016-04-15'),
(79, 5, '2016-04-15'),
(79, 6, '2016-04-15'),
(79, 7, '2017-04-15'),
(79, 9, '2017-04-15'),
(79, 10, '2017-04-15'),
(79, 11, '2017-04-15'),
(79, 12, '2017-04-15'),
(79, 13, '2016-04-15'),
(79, 14, '2017-04-15'),
(79, 15, '2017-04-15'),
(79, 16, '2018-04-15'),
(79, 17, '2018-04-15'),
(79, 18, '2018-04-15'),
(79, 20, '2017-04-15'),
(79, 21, '2018-04-15'),
(79, 22, '2018-04-15'),
(79, 23, '2018-04-15'),
(79, 24, '2015-04-15'),
(79, 25, '2017-04-15'),
(80, 1, '2016-04-15'),
(80, 2, '2016-04-15'),
(80, 3, '2016-04-15'),
(80, 4, '2016-04-15'),
(80, 5, '2016-04-15'),
(80, 6, '2016-04-15'),
(80, 7, '2017-04-15'),
(80, 9, '2017-04-15'),
(80, 10, '2017-04-15'),
(80, 11, '2017-04-15'),
(80, 12, '2017-04-15'),
(80, 13, '2017-04-15'),
(80, 14, '2017-04-15'),
(80, 15, '2017-04-15'),
(80, 16, '2018-04-15'),
(80, 17, '2018-04-15'),
(80, 18, '2015-04-15'),
(80, 20, '2018-04-15'),
(80, 21, '2018-04-15'),
(80, 23, '2018-04-15'),
(80, 24, '2018-04-15'),
(80, 25, '2017-04-15'),
(80, 26, '2017-04-15'),
(81, 1, '2017-04-15'),
(81, 2, '2017-04-15'),
(81, 3, '2017-04-15'),
(81, 4, '2017-04-15'),
(81, 5, '2017-04-15'),
(81, 6, '2017-04-15'),
(81, 7, '2018-04-15'),
(81, 9, '2018-04-15'),
(81, 10, '2018-04-15'),
(81, 11, '2018-04-15'),
(81, 12, '2018-04-15'),
(81, 13, '2018-04-15'),
(81, 14, '2018-04-15'),
(81, 15, '2018-04-15'),
(81, 16, '2019-04-15'),
(81, 17, '2019-04-15'),
(81, 18, '2019-04-15'),
(81, 20, '2018-04-15'),
(81, 21, '2019-04-15'),
(81, 22, '2018-04-15'),
(81, 23, '2018-04-15'),
(81, 24, '2018-04-15'),
(81, 25, '2018-04-15'),
(82, 1, '2017-04-15'),
(82, 2, '2017-04-15'),
(82, 3, '2017-04-15'),
(82, 4, '2017-04-15'),
(82, 5, '2017-04-15'),
(82, 6, '2017-04-15'),
(82, 7, '2018-04-15'),
(82, 9, '2018-04-15'),
(82, 10, '2018-04-15'),
(82, 11, '2018-04-15'),
(82, 12, '2018-04-15'),
(82, 13, '2018-04-15'),
(82, 14, '2018-04-15'),
(82, 15, '2017-04-15'),
(82, 16, '2019-04-15'),
(82, 17, '2019-04-15'),
(82, 18, '2019-04-15'),
(82, 20, '2016-04-15'),
(82, 21, '2019-04-15'),
(82, 22, '2018-04-15'),
(82, 23, '2019-04-15'),
(82, 24, '2019-04-15'),
(82, 25, '2019-04-15'),
(83, 1, '2017-04-15'),
(83, 2, '2017-04-15'),
(83, 3, '2017-04-15'),
(83, 4, '2017-04-15'),
(83, 5, '2017-04-15'),
(83, 6, '2017-04-15'),
(83, 7, '2018-04-15'),
(83, 9, '2018-04-15'),
(83, 10, '2018-04-15'),
(83, 11, '2018-04-15'),
(83, 12, '2018-04-15'),
(83, 13, '2018-04-15'),
(83, 14, '2018-04-15'),
(83, 15, '2018-04-15'),
(83, 16, '2019-04-15'),
(83, 17, '2019-04-15'),
(83, 18, '2019-04-15'),
(83, 20, '2018-04-15'),
(83, 21, '2019-04-15'),
(83, 23, '2019-04-15'),
(83, 24, '2019-04-15'),
(83, 25, '2018-04-15'),
(83, 26, '2016-04-15'),
(84, 1, '2017-04-15'),
(84, 2, '2017-04-15'),
(84, 3, '2017-04-15'),
(84, 4, '2017-04-15'),
(84, 5, '2017-04-15'),
(84, 6, '2017-04-15'),
(84, 7, '2018-04-15'),
(84, 9, '2018-04-15'),
(84, 10, '2018-04-15'),
(84, 11, '2018-04-15'),
(84, 12, '2018-04-15'),
(84, 13, '2018-04-15'),
(84, 14, '2018-04-15'),
(84, 15, '2018-04-15'),
(84, 16, '2019-04-15'),
(84, 17, '2019-04-15'),
(84, 18, '2019-04-15'),
(84, 20, '2018-04-15'),
(84, 21, '2019-04-15'),
(84, 22, '2019-04-15'),
(84, 23, '2019-04-15'),
(84, 24, '2019-04-15'),
(84, 25, '2018-04-15'),
(84, 26, '2016-04-15'),
(85, 1, '2017-04-15'),
(85, 2, '2017-04-15'),
(85, 3, '2017-04-15'),
(85, 4, '2017-04-15'),
(85, 5, '2017-04-15'),
(85, 6, '2017-04-15'),
(85, 7, '2018-04-15'),
(85, 9, '2018-04-15'),
(85, 10, '2018-04-15'),
(85, 11, '2018-04-15'),
(85, 12, '2018-04-15'),
(85, 13, '2018-04-15'),
(85, 14, '2017-04-15'),
(85, 15, '2018-04-15'),
(85, 16, '2019-04-15'),
(85, 17, '2019-04-15'),
(85, 18, '2019-04-15'),
(85, 20, '2019-04-15'),
(85, 21, '2019-04-15'),
(85, 22, '2016-04-15'),
(85, 23, '2018-04-15'),
(85, 24, '2018-04-15'),
(85, 25, '2019-04-15'),
(85, 26, '2019-04-15'),
(86, 1, '2017-04-15'),
(86, 2, '2017-04-15'),
(86, 3, '2017-04-15'),
(86, 4, '2017-04-15'),
(86, 5, '2017-04-15'),
(86, 6, '2017-04-15'),
(86, 7, '2018-04-15'),
(86, 9, '2018-04-15'),
(86, 10, '2018-04-15'),
(86, 11, '2018-04-15'),
(86, 12, '2018-04-15'),
(86, 13, '2018-04-15'),
(86, 14, '2018-04-15'),
(86, 15, '2018-04-15'),
(86, 16, '2019-04-15'),
(86, 17, '2019-04-15'),
(86, 18, '2019-04-15'),
(86, 20, '2016-04-15'),
(86, 21, '2019-04-15'),
(86, 22, '2019-04-15'),
(86, 23, '2019-04-15'),
(86, 24, '2018-04-15'),
(86, 25, '2019-04-15'),
(86, 26, '2018-04-15'),
(87, 1, '2017-04-15'),
(87, 2, '2017-04-15'),
(87, 3, '2017-04-15'),
(87, 4, '2017-04-15'),
(87, 5, '2017-04-15'),
(87, 6, '2017-04-15'),
(87, 7, '2018-04-15'),
(87, 9, '2018-04-15'),
(87, 10, '2018-04-15'),
(87, 11, '2018-04-15'),
(87, 12, '2018-04-15'),
(87, 13, '2018-04-15'),
(87, 14, '2018-04-15'),
(87, 15, '2018-04-15'),
(87, 16, '2019-04-15'),
(87, 17, '2019-04-15'),
(87, 18, '2019-04-15'),
(87, 20, '2018-04-15'),
(87, 21, '2019-04-15'),
(87, 22, '2018-04-15'),
(87, 23, '2019-04-15'),
(87, 24, '2019-04-15'),
(87, 25, '2019-04-15'),
(87, 26, '2019-04-15'),
(88, 1, '2017-04-15'),
(88, 2, '2017-04-15'),
(88, 3, '2017-04-15'),
(88, 4, '2017-04-15'),
(88, 5, '2017-04-15'),
(88, 6, '2017-04-15'),
(88, 7, '2018-04-15'),
(88, 9, '2018-04-15'),
(88, 10, '2018-04-15'),
(88, 11, '2018-04-15'),
(88, 12, '2018-04-15'),
(88, 13, '2018-04-15'),
(88, 14, '2018-04-15'),
(88, 15, '2018-04-15'),
(88, 16, '2019-04-15'),
(88, 17, '2019-04-15'),
(88, 18, '2019-04-15'),
(88, 20, '2018-04-15'),
(88, 21, '2019-04-15'),
(88, 22, '2019-04-15'),
(88, 24, '2019-04-15'),
(88, 25, '2018-04-15'),
(88, 26, '2019-04-15'),
(89, 1, '2017-04-15'),
(89, 2, '2017-04-15'),
(89, 3, '2017-04-15'),
(89, 4, '2017-04-15'),
(89, 5, '2017-04-15'),
(89, 6, '2017-04-15'),
(89, 7, '2018-04-15'),
(89, 9, '2018-04-15'),
(89, 10, '2018-04-15'),
(89, 11, '2018-04-15'),
(89, 12, '2018-04-15'),
(89, 13, '2018-04-15'),
(89, 14, '2017-04-15'),
(89, 15, '2018-04-15'),
(89, 16, '2019-04-15'),
(89, 17, '2019-04-15'),
(89, 18, '2018-04-15'),
(89, 20, '2019-04-15'),
(89, 21, '2019-04-15'),
(89, 22, '2019-04-15'),
(89, 23, '2018-04-15'),
(89, 24, '2019-04-15'),
(89, 25, '2019-04-15'),
(89, 26, '2016-04-15'),
(90, 1, '2017-04-15'),
(90, 2, '2017-04-15'),
(90, 3, '2017-04-15'),
(90, 4, '2017-04-15'),
(90, 5, '2017-04-15'),
(90, 6, '2017-04-15'),
(90, 7, '2018-04-15'),
(90, 9, '2018-04-15'),
(90, 10, '2018-04-15'),
(90, 11, '2018-04-15'),
(90, 12, '2018-04-15'),
(90, 13, '2018-04-15'),
(90, 14, '2017-04-15'),
(90, 15, '2018-04-15'),
(90, 16, '2019-04-15'),
(90, 17, '2019-04-15'),
(90, 18, '2018-04-15'),
(90, 20, '2018-04-15'),
(90, 21, '2019-04-15'),
(90, 22, '2018-04-15'),
(90, 23, '2019-04-15'),
(90, 24, '2019-04-15'),
(90, 25, '2019-04-15'),
(90, 26, '2019-04-15'),
(91, 1, '2017-04-15'),
(91, 2, '2017-04-15'),
(91, 3, '2017-04-15'),
(91, 4, '2017-04-15'),
(91, 5, '2017-04-15'),
(91, 6, '2017-04-15'),
(91, 7, '2018-04-15'),
(91, 9, '2018-04-15'),
(91, 10, '2018-04-15'),
(91, 11, '2018-04-15'),
(91, 12, '2018-04-15'),
(91, 13, '2018-04-15'),
(91, 14, '2018-04-15'),
(91, 15, '2018-04-15'),
(91, 16, '2019-04-15'),
(91, 17, '2019-04-15'),
(91, 18, '2018-04-15'),
(91, 20, '2019-04-15'),
(91, 21, '2019-04-15'),
(91, 23, '2019-04-15'),
(91, 24, '2019-04-15'),
(91, 25, '2019-04-15'),
(91, 26, '2019-04-15'),
(92, 1, '2017-04-15'),
(92, 2, '2017-04-15'),
(92, 3, '2017-04-15'),
(92, 4, '2017-04-15'),
(92, 5, '2017-04-15'),
(92, 6, '2017-04-15'),
(92, 7, '2018-04-15'),
(92, 9, '2018-04-15'),
(92, 10, '2018-04-15'),
(92, 11, '2018-04-15'),
(92, 12, '2018-04-15'),
(92, 13, '2018-04-15'),
(92, 14, '2018-04-15'),
(92, 15, '2018-04-15'),
(92, 16, '2019-04-15'),
(92, 17, '2019-04-15'),
(92, 18, '2019-04-15'),
(92, 20, '2019-04-15'),
(92, 21, '2016-04-15'),
(92, 22, '2019-04-15'),
(92, 23, '2018-04-15'),
(92, 24, '2019-04-15'),
(92, 26, '2018-04-15'),
(93, 1, '2017-04-15'),
(93, 2, '2017-04-15'),
(93, 3, '2017-04-15'),
(93, 4, '2017-04-15'),
(93, 5, '2017-04-15'),
(93, 6, '2017-04-15'),
(93, 7, '2018-04-15'),
(93, 9, '2018-04-15'),
(93, 10, '2018-04-15'),
(93, 11, '2018-04-15'),
(93, 12, '2018-04-15'),
(93, 13, '2018-04-15'),
(93, 14, '2018-04-15'),
(93, 15, '2018-04-15'),
(93, 16, '2019-04-15'),
(93, 17, '2019-04-15'),
(93, 20, '2019-04-15'),
(93, 21, '2019-04-15'),
(93, 22, '2018-04-15'),
(93, 23, '2019-04-15'),
(93, 24, '2019-04-15'),
(93, 25, '2018-04-15'),
(93, 26, '2019-04-15'),
(94, 1, '2017-04-15'),
(94, 2, '2017-04-15'),
(94, 3, '2017-04-15'),
(94, 4, '2017-04-15'),
(94, 5, '2017-04-15'),
(94, 6, '2017-04-15'),
(94, 7, '2018-04-15'),
(94, 9, '2018-04-15'),
(94, 10, '2018-04-15'),
(94, 11, '2018-04-15'),
(94, 12, '2018-04-15'),
(94, 13, '2018-04-15'),
(94, 14, '2018-04-15'),
(94, 15, '2017-04-15'),
(94, 16, '2019-04-15'),
(94, 17, '2019-04-15'),
(94, 20, '2019-04-15'),
(94, 21, '2019-04-15'),
(94, 22, '2019-04-15'),
(94, 23, '2018-04-15'),
(94, 24, '2019-04-15'),
(94, 25, '2019-04-15'),
(94, 26, '2019-04-15'),
(95, 1, '2017-04-15'),
(95, 2, '2017-04-15'),
(95, 3, '2017-04-15'),
(95, 4, '2017-04-15'),
(95, 5, '2017-04-15'),
(95, 6, '2017-04-15'),
(95, 7, '2018-04-15'),
(95, 9, '2018-04-15'),
(95, 10, '2018-04-15'),
(95, 11, '2018-04-15'),
(95, 12, '2018-04-15'),
(95, 13, '2017-04-15'),
(95, 14, '2018-04-15'),
(95, 15, '2018-04-15'),
(95, 16, '2019-04-15'),
(95, 17, '2019-04-15'),
(95, 20, '2016-04-15'),
(95, 21, '2018-04-15'),
(95, 22, '2019-04-15'),
(95, 23, '2016-04-15'),
(95, 24, '2018-04-15'),
(95, 25, '2019-04-15'),
(95, 26, '2019-04-15'),
(96, 1, '2017-04-15'),
(96, 2, '2017-04-15'),
(96, 3, '2017-04-15'),
(96, 4, '2017-04-15'),
(96, 5, '2017-04-15'),
(96, 6, '2017-04-15'),
(96, 7, '2018-04-15'),
(96, 9, '2018-04-15'),
(96, 10, '2018-04-15'),
(96, 11, '2018-04-15'),
(96, 12, '2018-04-15'),
(96, 13, '2018-04-15'),
(96, 14, '2018-04-15'),
(96, 15, '2018-04-15'),
(96, 16, '2019-04-15'),
(96, 17, '2019-04-15'),
(96, 18, '2018-04-15'),
(96, 20, '2019-04-15'),
(96, 21, '2019-04-15'),
(96, 22, '2019-04-15'),
(96, 23, '2019-04-15'),
(96, 25, '2019-04-15'),
(96, 26, '2019-04-15'),
(97, 1, '2017-04-15'),
(97, 2, '2017-04-15'),
(97, 3, '2017-04-15'),
(97, 4, '2017-04-15'),
(97, 5, '2017-04-15'),
(97, 6, '2017-04-15'),
(97, 7, '2018-04-15'),
(97, 9, '2018-04-15'),
(97, 10, '2018-04-15'),
(97, 11, '2018-04-15'),
(97, 12, '2018-04-15'),
(97, 13, '2017-04-15'),
(97, 14, '2018-04-15'),
(97, 15, '2018-04-15'),
(97, 16, '2019-04-15'),
(97, 17, '2019-04-15'),
(97, 18, '2018-04-15'),
(97, 20, '2019-04-15'),
(97, 21, '2019-04-15'),
(97, 22, '2018-04-15'),
(97, 23, '2018-04-15'),
(97, 24, '2018-04-15'),
(97, 25, '2019-04-15'),
(97, 26, '2019-04-15'),
(98, 1, '2017-04-15'),
(98, 2, '2017-04-15'),
(98, 3, '2017-04-15'),
(98, 4, '2017-04-15'),
(98, 5, '2017-04-15'),
(98, 6, '2017-04-15'),
(98, 7, '2018-04-15'),
(98, 9, '2018-04-15'),
(98, 10, '2018-04-15'),
(98, 11, '2018-04-15'),
(98, 12, '2018-04-15'),
(98, 13, '2018-04-15'),
(98, 14, '2018-04-15'),
(98, 15, '2017-04-15'),
(98, 16, '2019-04-15'),
(98, 17, '2019-04-15'),
(98, 18, '2018-04-15'),
(98, 20, '2019-04-15'),
(98, 21, '2019-04-15'),
(98, 22, '2019-04-15'),
(98, 23, '2019-04-15'),
(98, 24, '2016-04-15'),
(98, 25, '2019-04-15'),
(98, 26, '2019-04-15'),
(99, 1, '2017-04-15'),
(99, 2, '2017-04-15'),
(99, 3, '2017-04-15'),
(99, 4, '2017-04-15'),
(99, 5, '2017-04-15'),
(99, 6, '2017-04-15'),
(99, 7, '2018-04-15'),
(99, 9, '2018-04-15'),
(99, 10, '2018-04-15'),
(99, 11, '2018-04-15'),
(99, 12, '2018-04-15'),
(99, 13, '2018-04-15'),
(99, 14, '2018-04-15'),
(99, 15, '2018-04-15'),
(99, 16, '2019-04-15'),
(99, 17, '2019-04-15'),
(99, 18, '2016-04-15'),
(99, 20, '2018-04-15'),
(99, 21, '2019-04-15'),
(99, 22, '2019-04-15'),
(99, 23, '2019-04-15'),
(99, 24, '2018-04-15'),
(99, 25, '2019-04-15'),
(99, 26, '2019-04-15'),
(100, 1, '2017-04-15'),
(100, 2, '2017-04-15'),
(100, 3, '2017-04-15'),
(100, 4, '2017-04-15'),
(100, 5, '2017-04-15'),
(100, 6, '2017-04-15'),
(100, 7, '2018-04-15'),
(100, 9, '2018-04-15'),
(100, 10, '2018-04-15'),
(100, 11, '2018-04-15'),
(100, 12, '2018-04-15'),
(100, 13, '2017-04-15'),
(100, 14, '2018-04-15'),
(100, 15, '2018-04-15'),
(100, 16, '2019-04-15'),
(100, 17, '2019-04-15'),
(100, 18, '2018-04-15'),
(100, 20, '2019-04-15'),
(100, 21, '2018-04-15'),
(100, 22, '2018-04-15'),
(100, 24, '2016-04-15'),
(100, 25, '2019-04-15'),
(100, 26, '2019-04-15'),
(101, 1, '2018-04-15'),
(101, 2, '2018-04-15'),
(101, 3, '2018-04-15'),
(101, 4, '2018-04-15'),
(101, 5, '2018-04-15'),
(101, 6, '2018-04-15'),
(101, 7, '2019-04-15'),
(101, 9, '2019-04-15'),
(101, 10, '2019-04-15'),
(101, 11, '2019-04-15'),
(101, 12, '2019-04-15'),
(101, 13, '2019-04-15'),
(101, 14, '2019-04-15'),
(101, 15, '2019-04-15'),
(101, 16, '2020-04-15'),
(101, 17, '2020-04-15'),
(101, 18, '2019-04-15'),
(101, 20, '2020-04-15'),
(101, 21, '2019-04-15'),
(101, 22, '2020-04-15'),
(101, 23, '2020-04-15'),
(101, 24, '2020-04-15'),
(101, 25, '2019-04-15'),
(101, 26, '2020-04-15'),
(102, 1, '2018-04-15'),
(102, 2, '2018-04-15'),
(102, 3, '2018-04-15'),
(102, 4, '2018-04-15'),
(102, 5, '2018-04-15'),
(102, 6, '2018-04-15'),
(102, 7, '2019-04-15'),
(102, 9, '2019-04-15'),
(102, 10, '2019-04-15'),
(102, 11, '2019-04-15'),
(102, 12, '2019-04-15'),
(102, 13, '2019-04-15'),
(102, 14, '2019-04-15'),
(102, 15, '2019-04-15'),
(102, 16, '2020-04-15'),
(102, 17, '2020-04-15'),
(102, 18, '2019-04-15'),
(102, 20, '2020-04-15'),
(102, 21, '2020-04-15'),
(102, 22, '2020-04-15'),
(102, 23, '2019-04-15'),
(102, 24, '2020-04-15'),
(102, 25, '2020-04-15'),
(102, 26, '2019-04-15'),
(103, 1, '2018-04-15'),
(103, 2, '2018-04-15'),
(103, 3, '2018-04-15'),
(103, 4, '2018-04-15'),
(103, 5, '2018-04-15'),
(103, 6, '2018-04-15'),
(103, 7, '2019-04-15'),
(103, 9, '2019-04-15'),
(103, 10, '2019-04-15'),
(103, 11, '2019-04-15'),
(103, 12, '2019-04-15'),
(103, 13, '2019-04-15'),
(103, 14, '2016-04-15'),
(103, 15, '2019-04-15'),
(103, 16, '2020-04-15'),
(103, 17, '2020-04-15'),
(103, 18, '2017-04-15'),
(103, 20, '2020-04-15'),
(103, 21, '2020-04-15'),
(103, 22, '2020-04-15'),
(103, 23, '2020-04-15'),
(103, 24, '2017-04-15'),
(103, 26, '2019-04-15'),
(104, 1, '2018-04-15'),
(104, 2, '2018-04-15'),
(104, 3, '2018-04-15'),
(104, 4, '2018-04-15'),
(104, 5, '2018-04-15'),
(104, 6, '2018-04-15'),
(104, 7, '2019-04-15'),
(104, 9, '2019-04-15'),
(104, 10, '2019-04-15'),
(104, 11, '2019-04-15'),
(104, 12, '2019-04-15'),
(104, 13, '2019-04-15'),
(104, 14, '2019-04-15'),
(104, 15, '2019-04-15'),
(104, 16, '2020-04-15'),
(104, 17, '2020-04-15'),
(104, 18, '2019-04-15'),
(104, 20, '2020-04-15'),
(104, 21, '2020-04-15'),
(104, 22, '2020-04-15'),
(104, 23, '2017-04-15'),
(104, 24, '2020-04-15'),
(104, 25, '2020-04-15'),
(104, 26, '2019-04-15'),
(105, 1, '2018-04-15'),
(105, 2, '2018-04-15'),
(105, 3, '2018-04-15'),
(105, 4, '2018-04-15'),
(105, 5, '2018-04-15'),
(105, 6, '2018-04-15'),
(105, 7, '2019-04-15'),
(105, 9, '2019-04-15'),
(105, 10, '2019-04-15'),
(105, 11, '2019-04-15'),
(105, 12, '2019-04-15'),
(105, 13, '2019-04-15'),
(105, 14, '2019-04-15'),
(105, 15, '2016-04-15'),
(105, 16, '2020-04-15'),
(105, 17, '2020-04-15'),
(105, 18, '2020-04-15'),
(105, 20, '2020-04-15'),
(105, 21, '2020-04-15'),
(105, 22, '2020-04-15'),
(105, 23, '2020-04-15'),
(105, 24, '2019-04-15'),
(105, 25, '2019-04-15'),
(106, 1, '2018-04-15'),
(106, 2, '2018-04-15'),
(106, 3, '2018-04-15'),
(106, 4, '2018-04-15'),
(106, 5, '2018-04-15'),
(106, 6, '2018-04-15'),
(106, 7, '2019-04-15'),
(106, 9, '2019-04-15'),
(106, 10, '2019-04-15'),
(106, 11, '2019-04-15'),
(106, 12, '2019-04-15'),
(106, 13, '2019-04-15'),
(106, 14, '2019-04-15'),
(106, 15, '2019-04-15'),
(106, 16, '2020-04-15'),
(106, 17, '2020-04-15'),
(106, 18, '2020-04-15'),
(106, 20, '2020-04-15'),
(106, 21, '2020-04-15'),
(106, 22, '2020-04-15'),
(106, 23, '2020-04-15'),
(106, 24, '2017-04-15'),
(106, 25, '2019-04-15'),
(106, 26, '2019-04-15'),
(107, 1, '2018-04-15'),
(107, 2, '2018-04-15'),
(107, 3, '2018-04-15'),
(107, 4, '2018-04-15'),
(107, 5, '2018-04-15'),
(107, 6, '2018-04-15'),
(107, 7, '2019-04-15'),
(107, 9, '2019-04-15'),
(107, 10, '2019-04-15'),
(107, 11, '2019-04-15'),
(107, 12, '2019-04-15'),
(107, 13, '2019-04-15'),
(107, 14, '2018-04-15'),
(107, 15, '2019-04-15'),
(107, 16, '2020-04-15'),
(107, 17, '2020-04-15'),
(107, 18, '2020-04-15'),
(107, 21, '2020-04-15'),
(107, 22, '2020-04-15'),
(107, 23, '2017-04-15'),
(107, 24, '2020-04-15'),
(107, 25, '2020-04-15'),
(107, 26, '2020-04-15'),
(108, 1, '2018-04-15'),
(108, 2, '2018-04-15'),
(108, 3, '2018-04-15'),
(108, 4, '2018-04-15'),
(108, 5, '2018-04-15'),
(108, 6, '2018-04-15'),
(108, 7, '2019-04-15'),
(108, 9, '2019-04-15'),
(108, 10, '2019-04-15'),
(108, 11, '2019-04-15'),
(108, 12, '2019-04-15'),
(108, 13, '2019-04-15'),
(108, 14, '2019-04-15'),
(108, 15, '2016-04-15'),
(108, 16, '2020-04-15'),
(108, 17, '2020-04-15'),
(108, 18, '2017-04-15'),
(108, 20, '2020-04-15'),
(108, 21, '2020-04-15'),
(108, 23, '2020-04-15'),
(108, 24, '2020-04-15'),
(108, 25, '2019-04-15'),
(108, 26, '2020-04-15'),
(109, 1, '2018-04-15'),
(109, 2, '2018-04-15'),
(109, 3, '2018-04-15'),
(109, 4, '2018-04-15'),
(109, 5, '2018-04-15'),
(109, 6, '2018-04-15'),
(109, 7, '2019-04-15'),
(109, 9, '2019-04-15'),
(109, 10, '2019-04-15'),
(109, 11, '2019-04-15'),
(109, 12, '2019-04-15'),
(109, 13, '2019-04-15'),
(109, 14, '2019-04-15'),
(109, 15, '2019-04-15'),
(109, 16, '2020-04-15'),
(109, 17, '2020-04-15'),
(109, 18, '2020-04-15'),
(109, 20, '2019-04-15'),
(109, 21, '2017-04-15'),
(109, 22, '2020-04-15'),
(109, 23, '2020-04-15'),
(109, 24, '2019-04-15'),
(109, 25, '2020-04-15'),
(109, 26, '2020-04-15'),
(110, 1, '2018-04-15'),
(110, 2, '2018-04-15'),
(110, 3, '2018-04-15'),
(110, 4, '2018-04-15'),
(110, 5, '2018-04-15'),
(110, 6, '2018-04-15'),
(110, 7, '2019-04-15'),
(110, 9, '2019-04-15'),
(110, 10, '2019-04-15'),
(110, 11, '2019-04-15'),
(110, 12, '2019-04-15'),
(110, 13, '2019-04-15'),
(110, 14, '2019-04-15'),
(110, 15, '2019-04-15'),
(110, 16, '2020-04-15'),
(110, 17, '2020-04-15'),
(110, 18, '2020-04-15'),
(110, 20, '2020-04-15'),
(110, 21, '2020-04-15'),
(110, 23, '2020-04-15'),
(110, 24, '2020-04-15'),
(110, 25, '2020-04-15'),
(110, 26, '2017-04-15'),
(111, 1, '2018-04-15'),
(111, 2, '2018-04-15'),
(111, 3, '2018-04-15'),
(111, 4, '2018-04-15'),
(111, 5, '2018-04-15'),
(111, 6, '2018-04-15'),
(111, 7, '2019-04-15'),
(111, 9, '2019-04-15'),
(111, 10, '2019-04-15'),
(111, 11, '2019-04-15'),
(111, 12, '2019-04-15'),
(111, 13, '2019-04-15'),
(111, 14, '2019-04-15'),
(111, 15, '2018-04-15'),
(111, 16, '2020-04-15'),
(111, 17, '2020-04-15'),
(111, 18, '2020-04-15'),
(111, 20, '2019-04-15'),
(111, 21, '2019-04-15'),
(111, 22, '2020-04-15'),
(111, 23, '2020-04-15'),
(111, 24, '2020-04-15'),
(111, 25, '2020-04-15'),
(112, 1, '2018-04-15'),
(112, 2, '2018-04-15'),
(112, 3, '2018-04-15'),
(112, 4, '2018-04-15'),
(112, 5, '2018-04-15'),
(112, 6, '2018-04-15'),
(112, 7, '2019-04-15'),
(112, 9, '2019-04-15'),
(112, 10, '2019-04-15'),
(112, 11, '2019-04-15'),
(112, 12, '2019-04-15'),
(112, 13, '2019-04-15'),
(112, 14, '2019-04-15'),
(112, 15, '2018-04-15'),
(112, 16, '2020-04-15'),
(112, 17, '2020-04-15'),
(112, 18, '2020-04-15'),
(112, 20, '2020-04-15'),
(112, 21, '2020-04-15'),
(112, 22, '2020-04-15'),
(112, 23, '2020-04-15'),
(112, 24, '2020-04-15'),
(112, 25, '2020-04-15'),
(112, 26, '2019-04-15'),
(113, 1, '2018-04-15'),
(113, 2, '2018-04-15'),
(113, 3, '2018-04-15'),
(113, 4, '2018-04-15'),
(113, 5, '2018-04-15'),
(113, 6, '2018-04-15'),
(113, 7, '2019-04-15'),
(113, 9, '2019-04-15'),
(113, 10, '2019-04-15'),
(113, 11, '2019-04-15'),
(113, 12, '2019-04-15'),
(113, 13, '2019-04-15'),
(113, 14, '2018-04-15'),
(113, 15, '2019-04-15'),
(113, 16, '2020-04-15'),
(113, 17, '2020-04-15'),
(113, 18, '2019-04-15'),
(113, 20, '2020-04-15'),
(113, 21, '2020-04-15'),
(113, 22, '2020-04-15'),
(113, 23, '2020-04-15'),
(113, 24, '2020-04-15'),
(113, 26, '2020-04-15'),
(114, 1, '2018-04-15'),
(114, 2, '2018-04-15'),
(114, 3, '2018-04-15'),
(114, 4, '2018-04-15'),
(114, 5, '2018-04-15'),
(114, 6, '2018-04-15'),
(114, 7, '2019-04-15'),
(114, 9, '2019-04-15'),
(114, 10, '2019-04-15'),
(114, 11, '2019-04-15'),
(114, 12, '2019-04-15'),
(114, 13, '2019-04-15'),
(114, 14, '2019-04-15'),
(114, 15, '2019-04-15'),
(114, 16, '2020-04-15'),
(114, 17, '2020-04-15'),
(114, 18, '2020-04-15'),
(114, 20, '2020-04-15'),
(114, 21, '2020-04-15'),
(114, 22, '2020-04-15'),
(114, 23, '2020-04-15'),
(114, 24, '2020-04-15'),
(114, 25, '2019-04-15'),
(114, 26, '2019-04-15'),
(115, 1, '2018-04-15'),
(115, 2, '2018-04-15'),
(115, 3, '2018-04-15'),
(115, 4, '2018-04-15'),
(115, 5, '2018-04-15'),
(115, 6, '2018-04-15'),
(115, 7, '2019-04-15'),
(115, 9, '2019-04-15'),
(115, 10, '2019-04-15'),
(115, 11, '2019-04-15'),
(115, 12, '2019-04-15'),
(115, 13, '2019-04-15'),
(115, 14, '2019-04-15'),
(115, 15, '2019-04-15'),
(115, 16, '2020-04-15'),
(115, 17, '2020-04-15'),
(115, 18, '2020-04-15'),
(115, 20, '2020-04-15'),
(115, 21, '2020-04-15'),
(115, 22, '2020-04-15'),
(115, 23, '2019-04-15'),
(115, 24, '2017-04-15'),
(115, 25, '2020-04-15'),
(115, 26, '2019-04-15'),
(116, 1, '2018-04-15'),
(116, 2, '2018-04-15'),
(116, 3, '2018-04-15'),
(116, 4, '2018-04-15'),
(116, 5, '2018-04-15'),
(116, 6, '2018-04-15'),
(116, 7, '2019-04-15'),
(116, 9, '2019-04-15'),
(116, 10, '2019-04-15'),
(116, 11, '2019-04-15'),
(116, 12, '2019-04-15'),
(116, 13, '2019-04-15'),
(116, 14, '2019-04-15'),
(116, 15, '2018-04-15'),
(116, 16, '2020-04-15'),
(116, 17, '2020-04-15'),
(116, 18, '2020-04-15'),
(116, 20, '2020-04-15'),
(116, 21, '2019-04-15'),
(116, 22, '2019-04-15'),
(116, 23, '2020-04-15'),
(116, 24, '2017-04-15'),
(116, 25, '2020-04-15'),
(116, 26, '2020-04-15'),
(117, 1, '2018-04-15'),
(117, 2, '2018-04-15'),
(117, 3, '2018-04-15'),
(117, 4, '2018-04-15'),
(117, 5, '2018-04-15'),
(117, 6, '2018-04-15'),
(117, 7, '2019-04-15'),
(117, 9, '2019-04-15'),
(117, 10, '2019-04-15'),
(117, 11, '2019-04-15'),
(117, 12, '2019-04-15'),
(117, 13, '2019-04-15'),
(117, 14, '2019-04-15'),
(117, 15, '2019-04-15'),
(117, 16, '2020-04-15'),
(117, 17, '2020-04-15'),
(117, 18, '2017-04-15'),
(117, 20, '2017-04-15'),
(117, 21, '2020-04-15'),
(117, 22, '2020-04-15'),
(117, 23, '2020-04-15'),
(117, 24, '2019-04-15'),
(117, 25, '2020-04-15'),
(117, 26, '2020-04-15'),
(118, 1, '2018-04-15'),
(118, 2, '2018-04-15'),
(118, 3, '2018-04-15'),
(118, 4, '2018-04-15'),
(118, 5, '2018-04-15'),
(118, 6, '2018-04-15'),
(118, 7, '2019-04-15'),
(118, 9, '2019-04-15'),
(118, 10, '2019-04-15'),
(118, 11, '2019-04-15'),
(118, 12, '2019-04-15'),
(118, 13, '2019-04-15'),
(118, 14, '2019-04-15'),
(118, 15, '2019-04-15'),
(118, 16, '2020-04-15'),
(118, 17, '2020-04-15'),
(118, 18, '2017-04-15'),
(118, 20, '2020-04-15'),
(118, 21, '2019-04-15'),
(118, 22, '2020-04-15'),
(118, 23, '2020-04-15'),
(118, 24, '2017-04-15'),
(118, 25, '2020-04-15'),
(118, 26, '2020-04-15'),
(119, 1, '2018-04-15'),
(119, 2, '2018-04-15'),
(119, 3, '2018-04-15'),
(119, 4, '2018-04-15'),
(119, 5, '2018-04-15'),
(119, 6, '2018-04-15'),
(119, 7, '2019-04-15'),
(119, 9, '2019-04-15'),
(119, 10, '2019-04-15'),
(119, 11, '2019-04-15'),
(119, 12, '2019-04-15'),
(119, 13, '2019-04-15'),
(119, 14, '2016-04-15');
INSERT INTO `module_student` (`StudentID`, `ModuleID`, `AcademicYear`) VALUES
(119, 15, '2016-04-15'),
(119, 16, '2020-04-15'),
(119, 17, '2020-04-15'),
(119, 18, '2020-04-15'),
(119, 20, '2020-04-15'),
(119, 22, '2019-04-15'),
(119, 23, '2019-04-15'),
(119, 24, '2019-04-15'),
(119, 25, '2020-04-15'),
(119, 26, '2020-04-15'),
(120, 1, '2018-04-15'),
(120, 2, '2018-04-15'),
(120, 3, '2018-04-15'),
(120, 4, '2018-04-15'),
(120, 5, '2018-04-15'),
(120, 6, '2018-04-15'),
(120, 7, '2019-04-15'),
(120, 9, '2019-04-15'),
(120, 10, '2019-04-15'),
(120, 11, '2019-04-15'),
(120, 12, '2019-04-15'),
(120, 13, '2019-04-15'),
(120, 14, '2019-04-15'),
(120, 15, '2019-04-15'),
(120, 16, '2020-04-15'),
(120, 17, '2020-04-15'),
(120, 18, '2020-04-15'),
(120, 20, '2019-04-15'),
(120, 21, '2017-04-15'),
(120, 22, '2019-04-15'),
(120, 23, '2020-04-15'),
(120, 24, '2020-04-15'),
(120, 25, '2020-04-15'),
(120, 26, '2020-04-15'),
(121, 1, '2019-04-15'),
(121, 2, '2019-04-15'),
(121, 3, '2019-04-15'),
(121, 4, '2019-04-15'),
(121, 5, '2019-04-15'),
(121, 6, '2019-04-15'),
(121, 7, '2020-04-15'),
(121, 9, '2020-04-15'),
(121, 10, '2020-04-15'),
(121, 11, '2020-04-15'),
(121, 12, '2020-04-15'),
(121, 13, '2020-04-15'),
(121, 14, '2020-04-15'),
(121, 15, '2019-04-15'),
(121, 16, '2021-04-15'),
(121, 17, '2021-04-15'),
(121, 18, '2021-04-15'),
(121, 20, '2021-04-15'),
(121, 21, '2020-04-15'),
(121, 22, '2020-04-15'),
(121, 23, '2021-04-15'),
(121, 24, '2021-04-15'),
(121, 25, '2021-04-15'),
(121, 26, '2018-04-15'),
(122, 1, '2019-04-15'),
(122, 2, '2019-04-15'),
(122, 3, '2019-04-15'),
(122, 4, '2019-04-15'),
(122, 5, '2019-04-15'),
(122, 6, '2019-04-15'),
(122, 7, '2020-04-15'),
(122, 9, '2020-04-15'),
(122, 10, '2020-04-15'),
(122, 11, '2020-04-15'),
(122, 12, '2020-04-15'),
(122, 13, '2020-04-15'),
(122, 14, '2020-04-15'),
(122, 15, '2020-04-15'),
(122, 16, '2021-04-15'),
(122, 17, '2021-04-15'),
(122, 18, '2021-04-15'),
(122, 20, '2021-04-15'),
(122, 21, '2021-04-15'),
(122, 22, '2020-04-15'),
(122, 23, '2021-04-15'),
(122, 24, '2021-04-15'),
(122, 25, '2021-04-15'),
(122, 26, '2020-04-15'),
(123, 1, '2019-04-15'),
(123, 2, '2019-04-15'),
(123, 3, '2019-04-15'),
(123, 4, '2019-04-15'),
(123, 5, '2019-04-15'),
(123, 6, '2019-04-15'),
(123, 7, '2020-04-15'),
(123, 9, '2020-04-15'),
(123, 10, '2020-04-15'),
(123, 11, '2020-04-15'),
(123, 12, '2020-04-15'),
(123, 13, '2020-04-15'),
(123, 14, '2019-04-15'),
(123, 15, '2020-04-15'),
(123, 16, '2021-04-15'),
(123, 17, '2021-04-15'),
(123, 18, '2021-04-15'),
(123, 21, '2021-04-15'),
(123, 22, '2021-04-15'),
(123, 23, '2021-04-15'),
(123, 24, '2018-04-15'),
(123, 25, '2021-04-15'),
(123, 26, '2020-04-15'),
(124, 1, '2019-04-15'),
(124, 2, '2019-04-15'),
(124, 3, '2019-04-15'),
(124, 4, '2019-04-15'),
(124, 5, '2019-04-15'),
(124, 6, '2019-04-15'),
(124, 7, '2020-04-15'),
(124, 9, '2020-04-15'),
(124, 10, '2020-04-15'),
(124, 11, '2020-04-15'),
(124, 12, '2020-04-15'),
(124, 13, '2019-04-15'),
(124, 14, '2020-04-15'),
(124, 15, '2020-04-15'),
(124, 16, '2021-04-15'),
(124, 17, '2021-04-15'),
(124, 20, '2018-04-15'),
(124, 21, '2021-04-15'),
(124, 22, '2021-04-15'),
(124, 23, '2021-04-15'),
(124, 24, '2021-04-15'),
(124, 25, '2021-04-15'),
(124, 26, '2021-04-15'),
(125, 1, '2019-04-15'),
(125, 2, '2019-04-15'),
(125, 3, '2019-04-15'),
(125, 4, '2019-04-15'),
(125, 5, '2019-04-15'),
(125, 6, '2019-04-15'),
(125, 7, '2020-04-15'),
(125, 9, '2020-04-15'),
(125, 10, '2020-04-15'),
(125, 11, '2020-04-15'),
(125, 12, '2020-04-15'),
(125, 13, '2020-04-15'),
(125, 14, '2019-04-15'),
(125, 15, '2020-04-15'),
(125, 16, '2021-04-15'),
(125, 17, '2021-04-15'),
(125, 20, '2021-04-15'),
(125, 21, '2021-04-15'),
(125, 22, '2021-04-15'),
(125, 23, '2018-04-15'),
(125, 24, '2020-04-15'),
(125, 25, '2021-04-15'),
(125, 26, '2021-04-15'),
(126, 1, '2019-04-15'),
(126, 2, '2019-04-15'),
(126, 3, '2019-04-15'),
(126, 4, '2019-04-15'),
(126, 5, '2019-04-15'),
(126, 6, '2019-04-15'),
(126, 7, '2020-04-15'),
(126, 9, '2020-04-15'),
(126, 10, '2020-04-15'),
(126, 11, '2020-04-15'),
(126, 12, '2020-04-15'),
(126, 13, '2020-04-15'),
(126, 14, '2020-04-15'),
(126, 15, '2020-04-15'),
(126, 16, '2021-04-15'),
(126, 17, '2021-04-15'),
(126, 18, '2021-04-15'),
(126, 21, '2020-04-15'),
(126, 22, '2021-04-15'),
(126, 23, '2021-04-15'),
(126, 24, '2021-04-15'),
(126, 25, '2021-04-15'),
(127, 1, '2019-04-15'),
(127, 2, '2019-04-15'),
(127, 3, '2019-04-15'),
(127, 4, '2019-04-15'),
(127, 5, '2019-04-15'),
(127, 6, '2019-04-15'),
(127, 7, '2020-04-15'),
(127, 9, '2020-04-15'),
(127, 10, '2020-04-15'),
(127, 11, '2020-04-15'),
(127, 12, '2020-04-15'),
(127, 13, '2020-04-15'),
(127, 14, '2020-04-15'),
(127, 15, '2019-04-15'),
(127, 16, '2021-04-15'),
(127, 17, '2021-04-15'),
(127, 18, '2020-04-15'),
(127, 20, '2021-04-15'),
(127, 21, '2021-04-15'),
(127, 22, '2021-04-15'),
(127, 23, '2021-04-15'),
(127, 24, '2020-04-15'),
(127, 25, '2021-04-15'),
(128, 1, '2019-04-15'),
(128, 2, '2019-04-15'),
(128, 3, '2019-04-15'),
(128, 4, '2019-04-15'),
(128, 5, '2019-04-15'),
(128, 6, '2019-04-15'),
(128, 7, '2020-04-15'),
(128, 9, '2020-04-15'),
(128, 10, '2020-04-15'),
(128, 11, '2020-04-15'),
(128, 12, '2020-04-15'),
(128, 13, '2020-04-15'),
(128, 14, '2020-04-15'),
(128, 15, '2017-04-15'),
(128, 16, '2021-04-15'),
(128, 17, '2021-04-15'),
(128, 18, '2020-04-15'),
(128, 20, '2021-04-15'),
(128, 23, '2020-04-15'),
(128, 24, '2021-04-15'),
(128, 25, '2021-04-15'),
(128, 26, '2020-04-15'),
(129, 1, '2019-04-15'),
(129, 2, '2019-04-15'),
(129, 3, '2019-04-15'),
(129, 4, '2019-04-15'),
(129, 5, '2019-04-15'),
(129, 6, '2019-04-15'),
(129, 7, '2020-04-15'),
(129, 9, '2020-04-15'),
(129, 10, '2020-04-15'),
(129, 11, '2020-04-15'),
(129, 12, '2020-04-15'),
(129, 13, '2020-04-15'),
(129, 14, '2020-04-15'),
(129, 15, '2020-04-15'),
(129, 16, '2021-04-15'),
(129, 17, '2021-04-15'),
(129, 18, '2021-04-15'),
(129, 20, '2021-04-15'),
(129, 21, '2020-04-15'),
(129, 22, '2021-04-15'),
(129, 23, '2021-04-15'),
(129, 24, '2021-04-15'),
(129, 25, '2018-04-15'),
(129, 26, '2021-04-15'),
(130, 1, '2019-04-15'),
(130, 2, '2019-04-15'),
(130, 3, '2019-04-15'),
(130, 4, '2019-04-15'),
(130, 5, '2019-04-15'),
(130, 6, '2019-04-15'),
(130, 7, '2020-04-15'),
(130, 9, '2020-04-15'),
(130, 10, '2020-04-15'),
(130, 11, '2020-04-15'),
(130, 12, '2020-04-15'),
(130, 13, '2020-04-15'),
(130, 14, '2020-04-15'),
(130, 15, '2020-04-15'),
(130, 16, '2021-04-15'),
(130, 17, '2021-04-15'),
(130, 18, '2021-04-15'),
(130, 20, '2018-04-15'),
(130, 21, '2020-04-15'),
(130, 22, '2020-04-15'),
(130, 23, '2021-04-15'),
(130, 24, '2021-04-15'),
(130, 25, '2018-04-15'),
(131, 1, '2019-04-15'),
(131, 2, '2019-04-15'),
(131, 3, '2019-04-15'),
(131, 4, '2019-04-15'),
(131, 5, '2019-04-15'),
(131, 6, '2019-04-15'),
(131, 7, '2020-04-15'),
(131, 9, '2020-04-15'),
(131, 10, '2020-04-15'),
(131, 11, '2020-04-15'),
(131, 12, '2020-04-15'),
(131, 13, '2019-04-15'),
(131, 14, '2020-04-15'),
(131, 15, '2020-04-15'),
(131, 16, '2021-04-15'),
(131, 17, '2021-04-15'),
(131, 18, '2021-04-15'),
(131, 20, '2021-04-15'),
(131, 21, '2021-04-15'),
(131, 22, '2021-04-15'),
(131, 23, '2020-04-15'),
(131, 24, '2021-04-15'),
(131, 25, '2021-04-15'),
(131, 26, '2020-04-15'),
(132, 1, '2019-04-15'),
(132, 2, '2019-04-15'),
(132, 3, '2019-04-15'),
(132, 4, '2019-04-15'),
(132, 5, '2019-04-15'),
(132, 6, '2019-04-15'),
(132, 7, '2020-04-15'),
(132, 9, '2020-04-15'),
(132, 10, '2020-04-15'),
(132, 11, '2020-04-15'),
(132, 12, '2020-04-15'),
(132, 13, '2019-04-15'),
(132, 14, '2020-04-15'),
(132, 15, '2020-04-15'),
(132, 16, '2021-04-15'),
(132, 17, '2021-04-15'),
(132, 18, '2020-04-15'),
(132, 20, '2021-04-15'),
(132, 21, '2018-04-15'),
(132, 22, '2018-04-15'),
(132, 23, '2021-04-15'),
(132, 24, '2021-04-15'),
(132, 25, '2018-04-15'),
(132, 26, '2021-04-15'),
(133, 1, '2019-04-15'),
(133, 2, '2019-04-15'),
(133, 3, '2019-04-15'),
(133, 4, '2019-04-15'),
(133, 5, '2019-04-15'),
(133, 6, '2019-04-15'),
(133, 7, '2020-04-15'),
(133, 9, '2020-04-15'),
(133, 10, '2020-04-15'),
(133, 11, '2020-04-15'),
(133, 12, '2020-04-15'),
(133, 13, '2020-04-15'),
(133, 14, '2019-04-15'),
(133, 15, '2020-04-15'),
(133, 16, '2021-04-15'),
(133, 17, '2021-04-15'),
(133, 20, '2021-04-15'),
(133, 21, '2021-04-15'),
(133, 22, '2020-04-15'),
(133, 23, '2021-04-15'),
(133, 24, '2021-04-15'),
(133, 25, '2021-04-15'),
(133, 26, '2021-04-15'),
(134, 1, '2019-04-15'),
(134, 2, '2019-04-15'),
(134, 3, '2019-04-15'),
(134, 4, '2019-04-15'),
(134, 5, '2019-04-15'),
(134, 6, '2019-04-15'),
(134, 7, '2020-04-15'),
(134, 9, '2020-04-15'),
(134, 10, '2020-04-15'),
(134, 11, '2020-04-15'),
(134, 12, '2020-04-15'),
(134, 13, '2020-04-15'),
(134, 14, '2020-04-15'),
(134, 15, '2020-04-15'),
(134, 16, '2021-04-15'),
(134, 17, '2021-04-15'),
(134, 18, '2021-04-15'),
(134, 20, '2021-04-15'),
(134, 21, '2021-04-15'),
(134, 22, '2020-04-15'),
(134, 23, '2021-04-15'),
(134, 24, '2021-04-15'),
(134, 25, '2018-04-15'),
(134, 26, '2020-04-15'),
(135, 1, '2019-04-15'),
(135, 2, '2019-04-15'),
(135, 3, '2019-04-15'),
(135, 4, '2019-04-15'),
(135, 5, '2019-04-15'),
(135, 6, '2019-04-15'),
(135, 7, '2020-04-15'),
(135, 9, '2020-04-15'),
(135, 10, '2020-04-15'),
(135, 11, '2020-04-15'),
(135, 12, '2020-04-15'),
(135, 13, '2019-04-15'),
(135, 14, '2020-04-15'),
(135, 15, '2020-04-15'),
(135, 16, '2021-04-15'),
(135, 17, '2021-04-15'),
(135, 18, '2021-04-15'),
(135, 21, '2021-04-15'),
(135, 22, '2020-04-15'),
(135, 23, '2018-04-15'),
(135, 24, '2021-04-15'),
(135, 25, '2021-04-15'),
(135, 26, '2021-04-15'),
(136, 1, '2019-04-15'),
(136, 2, '2019-04-15'),
(136, 3, '2019-04-15'),
(136, 4, '2019-04-15'),
(136, 5, '2019-04-15'),
(136, 6, '2019-04-15'),
(136, 7, '2020-04-15'),
(136, 9, '2020-04-15'),
(136, 10, '2020-04-15'),
(136, 11, '2020-04-15'),
(136, 12, '2020-04-15'),
(136, 13, '2020-04-15'),
(136, 14, '2020-04-15'),
(136, 15, '2020-04-15'),
(136, 16, '2021-04-15'),
(136, 17, '2021-04-15'),
(136, 18, '2021-04-15'),
(136, 20, '2020-04-15'),
(136, 21, '2020-04-15'),
(136, 22, '2020-04-15'),
(136, 23, '2020-04-15'),
(136, 24, '2021-04-15'),
(136, 25, '2018-04-15'),
(136, 26, '2021-04-15'),
(137, 1, '2019-04-15'),
(137, 2, '2019-04-15'),
(137, 3, '2019-04-15'),
(137, 4, '2019-04-15'),
(137, 5, '2019-04-15'),
(137, 6, '2019-04-15'),
(137, 7, '2020-04-15'),
(137, 9, '2020-04-15'),
(137, 10, '2020-04-15'),
(137, 11, '2020-04-15'),
(137, 12, '2020-04-15'),
(137, 13, '2019-04-15'),
(137, 14, '2020-04-15'),
(137, 15, '2020-04-15'),
(137, 16, '2021-04-15'),
(137, 17, '2021-04-15'),
(137, 18, '2021-04-15'),
(137, 20, '2020-04-15'),
(137, 21, '2020-04-15'),
(137, 22, '2021-04-15'),
(137, 23, '2021-04-15'),
(137, 24, '2021-04-15'),
(137, 25, '2018-04-15'),
(137, 26, '2021-04-15'),
(138, 1, '2019-04-15'),
(138, 2, '2019-04-15'),
(138, 3, '2019-04-15'),
(138, 4, '2019-04-15'),
(138, 5, '2019-04-15'),
(138, 6, '2019-04-15'),
(138, 7, '2020-04-15'),
(138, 9, '2020-04-15'),
(138, 10, '2020-04-15'),
(138, 11, '2020-04-15'),
(138, 12, '2020-04-15'),
(138, 13, '2020-04-15'),
(138, 14, '2019-04-15'),
(138, 15, '2020-04-15'),
(138, 16, '2021-04-15'),
(138, 17, '2021-04-15'),
(138, 18, '2021-04-15'),
(138, 20, '2020-04-15'),
(138, 21, '2021-04-15'),
(138, 22, '2020-04-15'),
(138, 23, '2021-04-15'),
(138, 24, '2020-04-15'),
(138, 25, '2021-04-15'),
(138, 26, '2020-04-15'),
(139, 1, '2019-04-15'),
(139, 2, '2019-04-15'),
(139, 3, '2019-04-15'),
(139, 4, '2019-04-15'),
(139, 5, '2019-04-15'),
(139, 6, '2019-04-15'),
(139, 7, '2020-04-15'),
(139, 9, '2020-04-15'),
(139, 10, '2020-04-15'),
(139, 11, '2020-04-15'),
(139, 12, '2020-04-15'),
(139, 13, '2020-04-15'),
(139, 14, '2020-04-15'),
(139, 15, '2019-04-15'),
(139, 16, '2021-04-15'),
(139, 17, '2021-04-15'),
(139, 18, '2021-04-15'),
(139, 20, '2021-04-15'),
(139, 21, '2021-04-15'),
(139, 22, '2020-04-15'),
(139, 23, '2021-04-15'),
(139, 25, '2020-04-15'),
(140, 1, '2019-04-15'),
(140, 2, '2019-04-15'),
(140, 3, '2019-04-15'),
(140, 4, '2019-04-15'),
(140, 5, '2019-04-15'),
(140, 6, '2019-04-15'),
(140, 7, '2020-04-15'),
(140, 9, '2020-04-15'),
(140, 10, '2020-04-15'),
(140, 11, '2020-04-15'),
(140, 12, '2020-04-15'),
(140, 13, '2020-04-15'),
(140, 14, '2020-04-15'),
(140, 15, '2020-04-15'),
(140, 16, '2021-04-15'),
(140, 17, '2021-04-15'),
(140, 18, '2021-04-15'),
(140, 20, '2020-04-15'),
(140, 21, '2021-04-15'),
(140, 22, '2021-04-15'),
(140, 23, '2020-04-15'),
(140, 25, '2021-04-15'),
(140, 26, '2021-04-15'),
(141, 1, '2020-04-15'),
(141, 2, '2020-04-15'),
(141, 3, '2020-04-15'),
(141, 4, '2020-04-15'),
(141, 5, '2020-04-15'),
(141, 6, '2020-04-15'),
(141, 7, '2021-04-15'),
(141, 9, '2021-04-15'),
(141, 10, '2021-04-15'),
(141, 11, '2021-04-15'),
(141, 12, '2021-04-15'),
(141, 13, '2021-04-15'),
(141, 14, '2021-04-15'),
(141, 16, '2021-04-15'),
(141, 17, '2021-04-15'),
(141, 18, '2021-04-15'),
(141, 20, '2019-04-15'),
(141, 21, '2021-04-15'),
(141, 22, '2019-04-15'),
(141, 23, '2021-04-15'),
(141, 25, '2021-04-15'),
(141, 26, '2021-04-15'),
(142, 1, '2020-04-15'),
(142, 2, '2020-04-15'),
(142, 3, '2020-04-15'),
(142, 4, '2020-04-15'),
(142, 5, '2020-04-15'),
(142, 6, '2020-04-15'),
(142, 7, '2021-04-15'),
(142, 9, '2021-04-15'),
(142, 10, '2021-04-15'),
(142, 11, '2021-04-15'),
(142, 12, '2021-04-15'),
(142, 13, '2018-04-15'),
(142, 14, '2021-04-15'),
(142, 15, '2021-04-15'),
(142, 16, '2021-04-15'),
(142, 17, '2021-04-15'),
(142, 18, '2021-04-15'),
(142, 21, '2019-04-15'),
(142, 22, '2021-04-15'),
(142, 23, '2021-04-15'),
(142, 24, '2019-04-15'),
(142, 26, '2021-04-15'),
(143, 1, '2020-04-15'),
(143, 2, '2020-04-15'),
(143, 3, '2020-04-15'),
(143, 4, '2020-04-15'),
(143, 5, '2020-04-15'),
(143, 6, '2020-04-15'),
(143, 7, '2021-04-15'),
(143, 9, '2021-04-15'),
(143, 10, '2021-04-15'),
(143, 11, '2021-04-15'),
(143, 12, '2021-04-15'),
(143, 13, '2020-04-15'),
(143, 14, '2021-04-15'),
(143, 15, '2020-04-15'),
(143, 16, '2021-04-15'),
(143, 17, '2021-04-15'),
(143, 18, '2019-04-15'),
(143, 20, '2021-04-15'),
(143, 21, '2021-04-15'),
(143, 23, '2021-04-15'),
(143, 24, '2021-04-15'),
(143, 25, '2021-04-15'),
(143, 26, '2021-04-15'),
(144, 1, '2020-04-15'),
(144, 2, '2020-04-15'),
(144, 3, '2020-04-15'),
(144, 4, '2020-04-15'),
(144, 5, '2020-04-15'),
(144, 6, '2020-04-15'),
(144, 7, '2021-04-15'),
(144, 9, '2021-04-15'),
(144, 10, '2021-04-15'),
(144, 11, '2021-04-15'),
(144, 12, '2021-04-15'),
(144, 13, '2021-04-15'),
(144, 14, '2021-04-15'),
(144, 15, '2021-04-15'),
(144, 16, '2021-04-15'),
(144, 17, '2021-04-15'),
(144, 18, '2021-04-15'),
(144, 20, '2021-04-15'),
(144, 21, '2021-04-15'),
(144, 22, '2021-04-15'),
(144, 23, '2021-04-15'),
(144, 24, '2021-04-15'),
(144, 25, '2019-04-15'),
(145, 1, '2020-04-15'),
(145, 2, '2020-04-15'),
(145, 3, '2020-04-15'),
(145, 4, '2020-04-15'),
(145, 5, '2020-04-15'),
(145, 6, '2020-04-15'),
(145, 7, '2021-04-15'),
(145, 9, '2021-04-15'),
(145, 10, '2021-04-15'),
(145, 11, '2021-04-15'),
(145, 12, '2021-04-15'),
(145, 13, '2020-04-15'),
(145, 14, '2021-04-15'),
(145, 15, '2021-04-15'),
(145, 16, '2021-04-15'),
(145, 17, '2021-04-15'),
(145, 18, '2021-04-15'),
(145, 20, '2021-04-15'),
(145, 21, '2021-04-15'),
(145, 22, '2021-04-15'),
(145, 23, '2019-04-15'),
(145, 24, '2019-04-15'),
(145, 25, '2021-04-15'),
(145, 26, '2019-04-15'),
(146, 1, '2020-04-15'),
(146, 2, '2020-04-15'),
(146, 3, '2020-04-15'),
(146, 4, '2020-04-15'),
(146, 5, '2020-04-15'),
(146, 6, '2020-04-15'),
(146, 7, '2021-04-15'),
(146, 9, '2021-04-15'),
(146, 10, '2021-04-15'),
(146, 11, '2021-04-15'),
(146, 12, '2021-04-15'),
(146, 13, '2021-04-15'),
(146, 14, '2020-04-15'),
(146, 15, '2021-04-15'),
(146, 16, '2021-04-15'),
(146, 17, '2021-04-15'),
(146, 18, '2019-04-15'),
(146, 22, '2021-04-15'),
(146, 23, '2019-04-15'),
(146, 24, '2021-04-15'),
(146, 25, '2019-04-15'),
(146, 26, '2021-04-15'),
(147, 1, '2020-04-15'),
(147, 2, '2020-04-15'),
(147, 3, '2020-04-15'),
(147, 4, '2020-04-15'),
(147, 5, '2020-04-15'),
(147, 6, '2020-04-15'),
(147, 7, '2021-04-15'),
(147, 9, '2021-04-15'),
(147, 10, '2021-04-15'),
(147, 11, '2021-04-15'),
(147, 12, '2021-04-15'),
(147, 13, '2021-04-15'),
(147, 14, '2021-04-15'),
(147, 15, '2021-04-15'),
(147, 16, '2021-04-15'),
(147, 17, '2021-04-15'),
(147, 20, '2019-04-15'),
(147, 21, '2021-04-15'),
(147, 22, '2019-04-15'),
(147, 23, '2021-04-15'),
(147, 24, '2021-04-15'),
(147, 26, '2021-04-15'),
(148, 1, '2020-04-15'),
(148, 2, '2020-04-15'),
(148, 3, '2020-04-15'),
(148, 4, '2020-04-15'),
(148, 5, '2020-04-15'),
(148, 6, '2020-04-15'),
(148, 7, '2021-04-15'),
(148, 9, '2021-04-15'),
(148, 10, '2021-04-15'),
(148, 11, '2021-04-15'),
(148, 12, '2021-04-15'),
(148, 13, '2021-04-15'),
(148, 14, '2021-04-15'),
(148, 15, '2021-04-15'),
(148, 16, '2021-04-15'),
(148, 17, '2021-04-15'),
(148, 18, '2021-04-15'),
(148, 20, '2021-04-15'),
(148, 21, '2021-04-15'),
(148, 22, '2021-04-15'),
(148, 24, '2021-04-15'),
(148, 25, '2019-04-15'),
(148, 26, '2021-04-15'),
(149, 1, '2020-04-15'),
(149, 2, '2020-04-15'),
(149, 3, '2020-04-15'),
(149, 4, '2020-04-15'),
(149, 5, '2020-04-15'),
(149, 6, '2020-04-15'),
(149, 7, '2021-04-15'),
(149, 9, '2021-04-15'),
(149, 10, '2021-04-15'),
(149, 11, '2021-04-15'),
(149, 12, '2021-04-15'),
(149, 13, '2020-04-15'),
(149, 14, '2021-04-15'),
(149, 15, '2021-04-15'),
(149, 16, '2021-04-15'),
(149, 17, '2021-04-15'),
(149, 18, '2019-04-15'),
(149, 20, '2021-04-15'),
(149, 21, '2021-04-15'),
(149, 22, '2019-04-15'),
(149, 23, '2021-04-15'),
(149, 24, '2021-04-15'),
(149, 25, '2021-04-15'),
(149, 26, '2021-04-15'),
(150, 1, '2020-04-15'),
(150, 2, '2020-04-15'),
(150, 3, '2020-04-15'),
(150, 4, '2020-04-15'),
(150, 5, '2020-04-15'),
(150, 6, '2020-04-15'),
(150, 7, '2021-04-15'),
(150, 9, '2021-04-15'),
(150, 10, '2021-04-15'),
(150, 11, '2021-04-15'),
(150, 12, '2021-04-15'),
(150, 13, '2021-04-15'),
(150, 14, '2021-04-15'),
(150, 15, '2021-04-15'),
(150, 16, '2021-04-15'),
(150, 17, '2021-04-15'),
(150, 18, '2021-04-15'),
(150, 21, '2021-04-15'),
(150, 22, '2021-04-15'),
(150, 24, '2021-04-15'),
(150, 25, '2019-04-15'),
(150, 26, '2021-04-15'),
(151, 1, '2020-04-15'),
(151, 2, '2020-04-15'),
(151, 3, '2020-04-15'),
(151, 4, '2020-04-15'),
(151, 5, '2020-04-15'),
(151, 6, '2020-04-15'),
(151, 7, '2021-04-15'),
(151, 9, '2021-04-15'),
(151, 10, '2021-04-15'),
(151, 11, '2021-04-15'),
(151, 12, '2021-04-15'),
(151, 13, '2021-04-15'),
(151, 14, '2021-04-15'),
(151, 15, '2021-04-15'),
(151, 16, '2021-04-15'),
(151, 17, '2021-04-15'),
(151, 18, '2019-04-15'),
(151, 20, '2021-04-15'),
(151, 21, '2021-04-15'),
(151, 22, '2021-04-15'),
(151, 23, '2021-04-15'),
(151, 24, '2019-04-15'),
(151, 26, '2021-04-15'),
(152, 1, '2020-04-15'),
(152, 2, '2020-04-15'),
(152, 3, '2020-04-15'),
(152, 4, '2020-04-15'),
(152, 5, '2020-04-15'),
(152, 6, '2020-04-15'),
(152, 7, '2021-04-15'),
(152, 9, '2021-04-15'),
(152, 10, '2021-04-15'),
(152, 11, '2021-04-15'),
(152, 12, '2021-04-15'),
(152, 13, '2021-04-15'),
(152, 14, '2021-04-15'),
(152, 15, '2021-04-15'),
(152, 16, '2021-04-15'),
(152, 17, '2021-04-15'),
(152, 18, '2019-04-15'),
(152, 20, '2019-04-15'),
(152, 21, '2021-04-15'),
(152, 23, '2021-04-15'),
(152, 24, '2021-04-15'),
(152, 25, '2021-04-15'),
(153, 1, '2020-04-15'),
(153, 2, '2020-04-15'),
(153, 3, '2020-04-15'),
(153, 4, '2020-04-15'),
(153, 5, '2020-04-15'),
(153, 6, '2020-04-15'),
(153, 7, '2021-04-15'),
(153, 9, '2021-04-15'),
(153, 10, '2021-04-15'),
(153, 11, '2021-04-15'),
(153, 12, '2021-04-15'),
(153, 13, '2021-04-15'),
(153, 14, '2021-04-15'),
(153, 15, '2021-04-15'),
(153, 16, '2021-04-15'),
(153, 17, '2021-04-15'),
(153, 18, '2021-04-15'),
(153, 20, '2021-04-15'),
(153, 21, '2021-04-15'),
(153, 22, '2021-04-15'),
(153, 23, '2019-04-15'),
(153, 24, '2021-04-15'),
(153, 25, '2019-04-15'),
(153, 26, '2021-04-15'),
(154, 1, '2020-04-15'),
(154, 2, '2020-04-15'),
(154, 3, '2020-04-15'),
(154, 4, '2020-04-15'),
(154, 5, '2020-04-15'),
(154, 6, '2020-04-15'),
(154, 7, '2021-04-15'),
(154, 9, '2021-04-15'),
(154, 10, '2021-04-15'),
(154, 11, '2021-04-15'),
(154, 12, '2021-04-15'),
(154, 13, '2021-04-15'),
(154, 14, '2020-04-15'),
(154, 15, '2021-04-15'),
(154, 16, '2021-04-15'),
(154, 17, '2021-04-15'),
(154, 18, '2021-04-15'),
(154, 20, '2021-04-15'),
(154, 21, '2021-04-15'),
(154, 23, '2021-04-15'),
(154, 24, '2021-04-15'),
(154, 25, '2019-04-15'),
(154, 26, '2021-04-15'),
(155, 1, '2020-04-15'),
(155, 2, '2020-04-15'),
(155, 3, '2020-04-15'),
(155, 4, '2020-04-15'),
(155, 5, '2020-04-15'),
(155, 6, '2020-04-15'),
(155, 7, '2021-04-15'),
(155, 9, '2021-04-15'),
(155, 10, '2021-04-15'),
(155, 11, '2021-04-15'),
(155, 12, '2021-04-15'),
(155, 13, '2021-04-15'),
(155, 14, '2018-04-15'),
(155, 15, '2021-04-15'),
(155, 16, '2021-04-15'),
(155, 17, '2021-04-15'),
(155, 18, '2021-04-15'),
(155, 20, '2021-04-15'),
(155, 22, '2021-04-15'),
(155, 23, '2021-04-15'),
(155, 24, '2021-04-15'),
(155, 26, '2019-04-15'),
(156, 1, '2020-04-15'),
(156, 2, '2020-04-15'),
(156, 3, '2020-04-15'),
(156, 4, '2020-04-15'),
(156, 5, '2020-04-15'),
(156, 6, '2020-04-15'),
(156, 7, '2021-04-15'),
(156, 9, '2021-04-15'),
(156, 10, '2021-04-15'),
(156, 11, '2021-04-15'),
(156, 12, '2021-04-15'),
(156, 13, '2021-04-15'),
(156, 14, '2021-04-15'),
(156, 15, '2021-04-15'),
(156, 16, '2021-04-15'),
(156, 17, '2021-04-15'),
(156, 18, '2021-04-15'),
(156, 20, '2021-04-15'),
(156, 21, '2021-04-15'),
(156, 24, '2019-04-15'),
(156, 25, '2021-04-15'),
(156, 26, '2019-04-15'),
(157, 1, '2020-04-15'),
(157, 2, '2020-04-15'),
(157, 3, '2020-04-15'),
(157, 4, '2020-04-15'),
(157, 5, '2020-04-15'),
(157, 6, '2020-04-15'),
(157, 7, '2021-04-15'),
(157, 9, '2021-04-15'),
(157, 10, '2021-04-15'),
(157, 11, '2021-04-15'),
(157, 12, '2021-04-15'),
(157, 13, '2021-04-15'),
(157, 14, '2021-04-15'),
(157, 15, '2021-04-15'),
(157, 16, '2021-04-15'),
(157, 17, '2021-04-15'),
(157, 18, '2021-04-15'),
(157, 20, '2019-04-15'),
(157, 22, '2021-04-15'),
(157, 23, '2021-04-15'),
(157, 24, '2021-04-15'),
(157, 25, '2021-04-15'),
(157, 26, '2019-04-15'),
(158, 1, '2020-04-15'),
(158, 2, '2020-04-15'),
(158, 3, '2020-04-15'),
(158, 4, '2020-04-15'),
(158, 5, '2020-04-15'),
(158, 6, '2020-04-15'),
(158, 7, '2021-04-15'),
(158, 9, '2021-04-15'),
(158, 10, '2021-04-15'),
(158, 11, '2021-04-15'),
(158, 12, '2021-04-15'),
(158, 13, '2021-04-15'),
(158, 14, '2021-04-15'),
(158, 15, '2020-04-15'),
(158, 16, '2021-04-15'),
(158, 17, '2021-04-15'),
(158, 18, '2021-04-15'),
(158, 21, '2021-04-15'),
(158, 22, '2019-04-15'),
(158, 23, '2021-04-15'),
(158, 24, '2019-04-15'),
(158, 25, '2021-04-15'),
(158, 26, '2021-04-15'),
(159, 1, '2020-04-15'),
(159, 2, '2020-04-15'),
(159, 3, '2020-04-15'),
(159, 4, '2020-04-15'),
(159, 5, '2020-04-15'),
(159, 6, '2020-04-15'),
(159, 7, '2021-04-15'),
(159, 9, '2021-04-15'),
(159, 10, '2021-04-15'),
(159, 11, '2021-04-15'),
(159, 12, '2021-04-15'),
(159, 13, '2021-04-15'),
(159, 14, '2021-04-15'),
(159, 15, '2020-04-15'),
(159, 16, '2021-04-15'),
(159, 17, '2021-04-15'),
(159, 18, '2021-04-15'),
(159, 20, '2021-04-15'),
(159, 22, '2019-04-15'),
(159, 23, '2019-04-15'),
(159, 25, '2021-04-15'),
(159, 26, '2021-04-15'),
(160, 1, '2020-04-15'),
(160, 2, '2020-04-15'),
(160, 3, '2020-04-15'),
(160, 4, '2020-04-15'),
(160, 5, '2020-04-15'),
(160, 6, '2020-04-15'),
(160, 7, '2021-04-15'),
(160, 9, '2021-04-15'),
(160, 10, '2021-04-15'),
(160, 11, '2021-04-15'),
(160, 12, '2021-04-15'),
(160, 13, '2021-04-15'),
(160, 14, '2021-04-15'),
(160, 15, '2020-04-15'),
(160, 16, '2021-04-15'),
(160, 17, '2021-04-15'),
(160, 20, '2021-04-15'),
(160, 23, '2021-04-15'),
(160, 24, '2019-04-15'),
(160, 25, '2021-04-15'),
(160, 26, '2021-04-15'),
(161, 1, '2021-04-15'),
(161, 2, '2021-04-15'),
(161, 3, '2021-04-15'),
(161, 4, '2021-04-15'),
(161, 5, '2021-04-15'),
(161, 6, '2021-04-15'),
(161, 7, '2021-04-15'),
(161, 9, '2021-04-15'),
(161, 10, '2021-04-15'),
(161, 11, '2021-04-15'),
(161, 12, '2021-04-15'),
(161, 13, '2021-04-15'),
(161, 14, '2021-04-15'),
(161, 15, '2021-04-15'),
(161, 16, '2020-04-15'),
(161, 17, '2020-04-15'),
(161, 18, '2020-04-15'),
(161, 22, '2020-04-15'),
(161, 23, '2020-04-15'),
(161, 25, '2020-04-15'),
(161, 26, '2020-04-15'),
(162, 1, '2021-04-15'),
(162, 2, '2021-04-15'),
(162, 3, '2021-04-15'),
(162, 4, '2021-04-15'),
(162, 5, '2021-04-15'),
(162, 6, '2021-04-15'),
(162, 7, '2021-04-15'),
(162, 9, '2021-04-15'),
(162, 10, '2021-04-15'),
(162, 11, '2021-04-15'),
(162, 12, '2021-04-15'),
(162, 13, '2021-04-15'),
(162, 14, '2021-04-15'),
(162, 15, '2021-04-15'),
(162, 16, '2020-04-15'),
(162, 17, '2020-04-15'),
(162, 18, '2020-04-15'),
(162, 20, '2020-04-15'),
(162, 22, '2020-04-15'),
(162, 23, '2020-04-15'),
(162, 25, '2020-04-15'),
(162, 26, '2020-04-15'),
(163, 1, '2021-04-15'),
(163, 2, '2021-04-15'),
(163, 3, '2021-04-15'),
(163, 4, '2021-04-15'),
(163, 5, '2021-04-15'),
(163, 6, '2021-04-15'),
(163, 7, '2021-04-15'),
(163, 9, '2021-04-15'),
(163, 10, '2021-04-15'),
(163, 11, '2021-04-15'),
(163, 12, '2021-04-15'),
(163, 13, '2021-04-15'),
(163, 14, '2021-04-15'),
(163, 15, '2021-04-15'),
(163, 16, '2020-04-15'),
(163, 17, '2020-04-15'),
(163, 18, '2020-04-15'),
(163, 20, '2020-04-15'),
(163, 21, '2020-04-15'),
(163, 22, '2020-04-15'),
(163, 26, '2020-04-15'),
(164, 1, '2021-04-15'),
(164, 2, '2021-04-15'),
(164, 3, '2021-04-15'),
(164, 4, '2021-04-15'),
(164, 5, '2021-04-15'),
(164, 6, '2021-04-15'),
(164, 7, '2021-04-15'),
(164, 9, '2021-04-15'),
(164, 10, '2021-04-15'),
(164, 11, '2021-04-15'),
(164, 12, '2021-04-15'),
(164, 13, '2021-04-15'),
(164, 14, '2021-04-15'),
(164, 15, '2021-04-15'),
(164, 16, '2020-04-15'),
(164, 17, '2020-04-15'),
(164, 18, '2020-04-15'),
(164, 20, '2020-04-15'),
(164, 22, '2020-04-15'),
(164, 24, '2020-04-15'),
(165, 1, '2021-04-15'),
(165, 2, '2021-04-15'),
(165, 3, '2021-04-15'),
(165, 4, '2021-04-15'),
(165, 5, '2021-04-15'),
(165, 6, '2021-04-15'),
(165, 7, '2021-04-15'),
(165, 9, '2021-04-15'),
(165, 10, '2021-04-15'),
(165, 11, '2021-04-15'),
(165, 12, '2021-04-15'),
(165, 13, '2021-04-15'),
(165, 14, '2021-04-15'),
(165, 16, '2020-04-15'),
(165, 17, '2020-04-15'),
(165, 18, '2020-04-15'),
(165, 20, '2020-04-15'),
(165, 21, '2020-04-15'),
(165, 22, '2020-04-15'),
(165, 23, '2020-04-15'),
(165, 24, '2020-04-15'),
(166, 1, '2021-04-15'),
(166, 2, '2021-04-15'),
(166, 3, '2021-04-15'),
(166, 4, '2021-04-15'),
(166, 5, '2021-04-15'),
(166, 6, '2021-04-15'),
(166, 7, '2021-04-15'),
(166, 9, '2021-04-15'),
(166, 10, '2021-04-15'),
(166, 11, '2021-04-15'),
(166, 12, '2021-04-15'),
(166, 13, '2021-04-15'),
(166, 14, '2021-04-15'),
(166, 15, '2019-04-15'),
(166, 16, '2020-04-15'),
(166, 17, '2020-04-15'),
(166, 18, '2020-04-15'),
(166, 20, '2020-04-15'),
(166, 22, '2020-04-15'),
(166, 23, '2020-04-15'),
(166, 26, '2020-04-15'),
(167, 1, '2021-04-15'),
(167, 2, '2021-04-15'),
(167, 3, '2021-04-15'),
(167, 4, '2021-04-15'),
(167, 5, '2021-04-15'),
(167, 6, '2021-04-15'),
(167, 7, '2021-04-15'),
(167, 9, '2021-04-15'),
(167, 10, '2021-04-15'),
(167, 11, '2021-04-15'),
(167, 12, '2021-04-15'),
(167, 13, '2021-04-15'),
(167, 14, '2019-04-15'),
(167, 15, '2021-04-15'),
(167, 16, '2020-04-15'),
(167, 17, '2020-04-15'),
(167, 18, '2020-04-15'),
(167, 20, '2020-04-15'),
(167, 22, '2020-04-15'),
(167, 23, '2020-04-15'),
(167, 26, '2020-04-15'),
(168, 1, '2021-04-15'),
(168, 2, '2021-04-15'),
(168, 3, '2021-04-15'),
(168, 4, '2021-04-15'),
(168, 5, '2021-04-15'),
(168, 6, '2021-04-15'),
(168, 7, '2021-04-15'),
(168, 9, '2021-04-15'),
(168, 10, '2021-04-15'),
(168, 11, '2021-04-15'),
(168, 12, '2021-04-15'),
(168, 13, '2021-04-15'),
(168, 14, '2021-04-15'),
(168, 15, '2021-04-15'),
(168, 16, '2020-04-15'),
(168, 17, '2020-04-15'),
(168, 20, '2020-04-15'),
(168, 22, '2020-04-15'),
(168, 23, '2020-04-15'),
(168, 25, '2020-04-15'),
(168, 26, '2020-04-15'),
(169, 1, '2021-04-15'),
(169, 2, '2021-04-15'),
(169, 3, '2021-04-15'),
(169, 4, '2021-04-15'),
(169, 5, '2021-04-15'),
(169, 6, '2021-04-15'),
(169, 7, '2021-04-15'),
(169, 9, '2021-04-15'),
(169, 10, '2021-04-15'),
(169, 11, '2021-04-15'),
(169, 12, '2021-04-15'),
(169, 13, '2021-04-15'),
(169, 14, '2021-04-15'),
(169, 15, '2019-04-15'),
(169, 16, '2020-04-15'),
(169, 17, '2020-04-15'),
(169, 20, '2020-04-15'),
(169, 21, '2020-04-15'),
(169, 22, '2020-04-15'),
(169, 25, '2020-04-15'),
(169, 26, '2020-04-15'),
(170, 1, '2021-04-15'),
(170, 2, '2021-04-15'),
(170, 3, '2021-04-15'),
(170, 4, '2021-04-15'),
(170, 5, '2021-04-15'),
(170, 6, '2021-04-15'),
(170, 7, '2021-04-15'),
(170, 9, '2021-04-15'),
(170, 10, '2021-04-15'),
(170, 11, '2021-04-15'),
(170, 12, '2021-04-15'),
(170, 13, '2021-04-15'),
(170, 14, '2021-04-15'),
(170, 15, '2019-04-15'),
(170, 16, '2020-04-15'),
(170, 17, '2020-04-15'),
(170, 20, '2020-04-15'),
(170, 21, '2020-04-15'),
(170, 22, '2020-04-15'),
(170, 23, '2020-04-15'),
(170, 24, '2020-04-15'),
(170, 25, '2020-04-15'),
(171, 1, '2021-04-15'),
(171, 2, '2021-04-15'),
(171, 3, '2021-04-15'),
(171, 4, '2021-04-15'),
(171, 5, '2021-04-15'),
(171, 6, '2021-04-15'),
(171, 7, '2021-04-15'),
(171, 9, '2021-04-15'),
(171, 10, '2021-04-15'),
(171, 11, '2021-04-15'),
(171, 12, '2021-04-15'),
(171, 13, '2021-04-15'),
(171, 14, '2021-04-15'),
(171, 16, '2020-04-15'),
(171, 17, '2020-04-15'),
(171, 18, '2020-04-15'),
(171, 20, '2020-04-15'),
(171, 22, '2020-04-15'),
(171, 24, '2020-04-15'),
(171, 25, '2020-04-15'),
(171, 26, '2020-04-15'),
(172, 1, '2021-04-15'),
(172, 2, '2021-04-15'),
(172, 3, '2021-04-15'),
(172, 4, '2021-04-15'),
(172, 5, '2021-04-15'),
(172, 6, '2021-04-15'),
(172, 7, '2021-04-15'),
(172, 9, '2021-04-15'),
(172, 10, '2021-04-15'),
(172, 11, '2021-04-15'),
(172, 12, '2021-04-15'),
(172, 13, '2021-04-15'),
(172, 14, '2021-04-15'),
(172, 15, '2019-04-15'),
(172, 16, '2020-04-15'),
(172, 17, '2020-04-15'),
(172, 21, '2020-04-15'),
(172, 22, '2020-04-15'),
(172, 23, '2020-04-15'),
(172, 26, '2020-04-15'),
(173, 1, '2021-04-15'),
(173, 2, '2021-04-15'),
(173, 3, '2021-04-15'),
(173, 4, '2021-04-15'),
(173, 5, '2021-04-15'),
(173, 6, '2021-04-15'),
(173, 7, '2021-04-15'),
(173, 9, '2021-04-15'),
(173, 10, '2021-04-15'),
(173, 11, '2021-04-15'),
(173, 12, '2021-04-15'),
(173, 13, '2019-04-15'),
(173, 14, '2021-04-15'),
(173, 15, '2021-04-15'),
(173, 16, '2020-04-15'),
(173, 17, '2020-04-15'),
(173, 18, '2020-04-15'),
(173, 20, '2020-04-15'),
(173, 21, '2020-04-15'),
(173, 22, '2020-04-15'),
(173, 23, '2020-04-15'),
(173, 25, '2020-04-15'),
(174, 1, '2021-04-15'),
(174, 2, '2021-04-15'),
(174, 3, '2021-04-15'),
(174, 4, '2021-04-15'),
(174, 5, '2021-04-15'),
(174, 6, '2021-04-15'),
(174, 7, '2021-04-15'),
(174, 9, '2021-04-15'),
(174, 10, '2021-04-15'),
(174, 11, '2021-04-15'),
(174, 12, '2021-04-15'),
(174, 13, '2019-04-15'),
(174, 14, '2021-04-15'),
(174, 15, '2021-04-15'),
(174, 16, '2020-04-15'),
(174, 17, '2020-04-15'),
(174, 21, '2020-04-15'),
(174, 23, '2020-04-15'),
(174, 26, '2020-04-15'),
(175, 1, '2021-04-15'),
(175, 2, '2021-04-15'),
(175, 3, '2021-04-15'),
(175, 4, '2021-04-15'),
(175, 5, '2021-04-15'),
(175, 6, '2021-04-15'),
(175, 7, '2021-04-15'),
(175, 9, '2021-04-15'),
(175, 10, '2021-04-15'),
(175, 11, '2021-04-15'),
(175, 12, '2021-04-15'),
(175, 13, '2021-04-15'),
(175, 14, '2019-04-15'),
(175, 15, '2021-04-15'),
(175, 16, '2020-04-15'),
(175, 17, '2020-04-15'),
(175, 18, '2020-04-15'),
(175, 20, '2020-04-15'),
(175, 22, '2020-04-15'),
(175, 23, '2020-04-15'),
(175, 25, '2020-04-15'),
(175, 26, '2020-04-15'),
(176, 1, '2021-04-15'),
(176, 2, '2021-04-15'),
(176, 3, '2021-04-15'),
(176, 4, '2021-04-15'),
(176, 5, '2021-04-15'),
(176, 6, '2021-04-15'),
(176, 7, '2021-04-15'),
(176, 9, '2021-04-15'),
(176, 10, '2021-04-15'),
(176, 11, '2021-04-15'),
(176, 12, '2021-04-15'),
(176, 13, '2021-04-15'),
(176, 14, '2021-04-15'),
(176, 15, '2021-04-15'),
(176, 16, '2020-04-15'),
(176, 17, '2020-04-15'),
(176, 18, '2020-04-15'),
(176, 20, '2020-04-15'),
(176, 22, '2020-04-15'),
(176, 25, '2020-04-15'),
(176, 26, '2020-04-15'),
(177, 1, '2021-04-15'),
(177, 2, '2021-04-15'),
(177, 3, '2021-04-15'),
(177, 4, '2021-04-15'),
(177, 5, '2021-04-15'),
(177, 6, '2021-04-15'),
(177, 7, '2021-04-15'),
(177, 9, '2021-04-15'),
(177, 10, '2021-04-15'),
(177, 11, '2021-04-15'),
(177, 12, '2021-04-15'),
(177, 13, '2021-04-15'),
(177, 14, '2019-04-15'),
(177, 15, '2021-04-15'),
(177, 16, '2020-04-15'),
(177, 17, '2020-04-15'),
(177, 18, '2020-04-15'),
(177, 20, '2020-04-15'),
(177, 21, '2020-04-15'),
(177, 24, '2020-04-15'),
(177, 26, '2020-04-15'),
(178, 1, '2021-04-15'),
(178, 2, '2021-04-15'),
(178, 3, '2021-04-15'),
(178, 4, '2021-04-15'),
(178, 5, '2021-04-15'),
(178, 6, '2021-04-15'),
(178, 7, '2021-04-15'),
(178, 9, '2021-04-15'),
(178, 10, '2021-04-15'),
(178, 11, '2021-04-15'),
(178, 12, '2021-04-15'),
(178, 13, '2021-04-15'),
(178, 14, '2019-04-15'),
(178, 15, '2021-04-15'),
(178, 16, '2020-04-15'),
(178, 17, '2020-04-15'),
(178, 20, '2020-04-15'),
(178, 21, '2020-04-15'),
(178, 23, '2020-04-15'),
(178, 25, '2020-04-15'),
(179, 1, '2021-04-15'),
(179, 2, '2021-04-15'),
(179, 3, '2021-04-15'),
(179, 4, '2021-04-15'),
(179, 5, '2021-04-15'),
(179, 6, '2021-04-15'),
(179, 7, '2021-04-15'),
(179, 9, '2021-04-15'),
(179, 10, '2021-04-15'),
(179, 11, '2021-04-15'),
(179, 12, '2021-04-15'),
(179, 13, '2019-04-15'),
(179, 14, '2021-04-15'),
(179, 15, '2021-04-15'),
(179, 16, '2020-04-15'),
(179, 17, '2020-04-15'),
(179, 18, '2020-04-15'),
(179, 20, '2020-04-15'),
(179, 21, '2020-04-15'),
(179, 22, '2020-04-15'),
(179, 24, '2020-04-15'),
(180, 1, '2021-04-15'),
(180, 2, '2021-04-15'),
(180, 3, '2021-04-15'),
(180, 4, '2021-04-15'),
(180, 5, '2021-04-15'),
(180, 6, '2021-04-15'),
(180, 7, '2021-04-15'),
(180, 9, '2021-04-15'),
(180, 10, '2021-04-15'),
(180, 11, '2021-04-15'),
(180, 12, '2021-04-15'),
(180, 13, '2019-04-15'),
(180, 14, '2021-04-15'),
(180, 15, '2021-04-15'),
(180, 16, '2020-04-15'),
(180, 17, '2020-04-15'),
(180, 18, '2020-04-15'),
(180, 21, '2020-04-15'),
(180, 22, '2020-04-15'),
(180, 24, '2020-04-15'),
(180, 25, '2020-04-15'),
(181, 1, '2021-04-15'),
(181, 2, '2021-04-15'),
(181, 3, '2021-04-15'),
(181, 4, '2021-04-15'),
(181, 5, '2021-04-15'),
(181, 6, '2021-04-15'),
(181, 7, '2020-04-15'),
(181, 9, '2020-04-15'),
(181, 10, '2020-04-15'),
(181, 11, '2020-04-15'),
(181, 12, '2020-04-15'),
(181, 13, '2020-04-15'),
(181, 14, '2020-04-15'),
(181, 16, '2021-04-15'),
(181, 17, '2021-04-15'),
(181, 20, '2021-04-15'),
(181, 23, '2021-04-15'),
(181, 24, '2021-04-15'),
(181, 25, '2021-04-15'),
(181, 26, '2021-04-15'),
(182, 1, '2021-04-15'),
(182, 2, '2021-04-15'),
(182, 3, '2021-04-15'),
(182, 4, '2021-04-15'),
(182, 5, '2021-04-15'),
(182, 6, '2021-04-15'),
(182, 7, '2020-04-15'),
(182, 9, '2020-04-15'),
(182, 10, '2020-04-15'),
(182, 11, '2020-04-15'),
(182, 12, '2020-04-15'),
(182, 13, '2020-04-15'),
(182, 15, '2020-04-15'),
(182, 16, '2021-04-15'),
(182, 17, '2021-04-15'),
(182, 20, '2021-04-15'),
(182, 21, '2021-04-15'),
(182, 22, '2021-04-15'),
(182, 26, '2021-04-15'),
(183, 1, '2021-04-15'),
(183, 2, '2021-04-15'),
(183, 3, '2021-04-15'),
(183, 4, '2021-04-15'),
(183, 5, '2021-04-15'),
(183, 6, '2021-04-15'),
(183, 7, '2020-04-15'),
(183, 9, '2020-04-15'),
(183, 10, '2020-04-15'),
(183, 11, '2020-04-15'),
(183, 12, '2020-04-15'),
(183, 13, '2020-04-15'),
(183, 14, '2020-04-15'),
(183, 15, '2020-04-15'),
(183, 16, '2021-04-15'),
(183, 17, '2021-04-15'),
(183, 18, '2021-04-15'),
(183, 20, '2021-04-15'),
(183, 22, '2021-04-15'),
(183, 23, '2021-04-15'),
(183, 24, '2021-04-15'),
(183, 26, '2021-04-15'),
(184, 1, '2021-04-15'),
(184, 2, '2021-04-15'),
(184, 3, '2021-04-15'),
(184, 4, '2021-04-15'),
(184, 5, '2021-04-15'),
(184, 6, '2021-04-15'),
(184, 7, '2020-04-15'),
(184, 9, '2020-04-15'),
(184, 10, '2020-04-15'),
(184, 11, '2020-04-15'),
(184, 12, '2020-04-15'),
(184, 13, '2020-04-15'),
(184, 15, '2020-04-15'),
(184, 16, '2021-04-15'),
(184, 17, '2021-04-15'),
(184, 18, '2021-04-15'),
(184, 21, '2021-04-15'),
(184, 23, '2021-04-15'),
(184, 24, '2021-04-15'),
(184, 25, '2021-04-15'),
(184, 26, '2021-04-15'),
(185, 1, '2021-04-15'),
(185, 2, '2021-04-15'),
(185, 3, '2021-04-15'),
(185, 4, '2021-04-15'),
(185, 5, '2021-04-15'),
(185, 6, '2021-04-15'),
(185, 7, '2020-04-15'),
(185, 9, '2020-04-15'),
(185, 10, '2020-04-15'),
(185, 11, '2020-04-15'),
(185, 12, '2020-04-15'),
(185, 14, '2020-04-15'),
(185, 16, '2021-04-15'),
(185, 17, '2021-04-15'),
(185, 18, '2021-04-15'),
(185, 21, '2021-04-15'),
(185, 22, '2021-04-15'),
(185, 23, '2021-04-15'),
(185, 26, '2021-04-15'),
(186, 1, '2021-04-15'),
(186, 2, '2021-04-15'),
(186, 3, '2021-04-15'),
(186, 4, '2021-04-15'),
(186, 5, '2021-04-15'),
(186, 6, '2021-04-15'),
(186, 7, '2020-04-15'),
(186, 9, '2020-04-15'),
(186, 10, '2020-04-15'),
(186, 11, '2020-04-15'),
(186, 12, '2020-04-15'),
(186, 13, '2020-04-15'),
(186, 14, '2020-04-15'),
(186, 16, '2021-04-15'),
(186, 17, '2021-04-15'),
(186, 18, '2021-04-15'),
(186, 20, '2021-04-15'),
(186, 22, '2021-04-15'),
(186, 23, '2021-04-15'),
(186, 24, '2021-04-15'),
(186, 26, '2021-04-15'),
(187, 1, '2021-04-15'),
(187, 2, '2021-04-15'),
(187, 3, '2021-04-15'),
(187, 4, '2021-04-15'),
(187, 5, '2021-04-15'),
(187, 6, '2021-04-15'),
(187, 7, '2020-04-15'),
(187, 9, '2020-04-15'),
(187, 10, '2020-04-15'),
(187, 11, '2020-04-15'),
(187, 12, '2020-04-15'),
(187, 13, '2020-04-15'),
(187, 14, '2020-04-15'),
(187, 16, '2021-04-15'),
(187, 17, '2021-04-15'),
(187, 20, '2021-04-15'),
(187, 21, '2021-04-15'),
(187, 24, '2021-04-15'),
(187, 25, '2021-04-15'),
(187, 26, '2021-04-15'),
(188, 1, '2021-04-15'),
(188, 2, '2021-04-15'),
(188, 3, '2021-04-15'),
(188, 4, '2021-04-15'),
(188, 5, '2021-04-15'),
(188, 6, '2021-04-15'),
(188, 7, '2020-04-15'),
(188, 9, '2020-04-15'),
(188, 10, '2020-04-15'),
(188, 11, '2020-04-15'),
(188, 12, '2020-04-15'),
(188, 13, '2020-04-15'),
(188, 14, '2020-04-15'),
(188, 15, '2020-04-15'),
(188, 16, '2021-04-15'),
(188, 17, '2021-04-15'),
(188, 20, '2021-04-15'),
(188, 24, '2021-04-15'),
(189, 1, '2021-04-15'),
(189, 2, '2021-04-15'),
(189, 3, '2021-04-15'),
(189, 4, '2021-04-15'),
(189, 5, '2021-04-15'),
(189, 6, '2021-04-15'),
(189, 7, '2020-04-15'),
(189, 9, '2020-04-15'),
(189, 10, '2020-04-15'),
(189, 11, '2020-04-15'),
(189, 12, '2020-04-15'),
(189, 13, '2020-04-15'),
(189, 14, '2020-04-15'),
(189, 15, '2020-04-15'),
(189, 16, '2021-04-15'),
(189, 17, '2021-04-15'),
(189, 21, '2021-04-15'),
(189, 22, '2021-04-15'),
(189, 23, '2021-04-15'),
(189, 25, '2021-04-15'),
(189, 26, '2021-04-15'),
(190, 1, '2021-04-15'),
(190, 2, '2021-04-15'),
(190, 3, '2021-04-15'),
(190, 4, '2021-04-15'),
(190, 5, '2021-04-15'),
(190, 6, '2021-04-15'),
(190, 7, '2020-04-15'),
(190, 9, '2020-04-15'),
(190, 10, '2020-04-15'),
(190, 11, '2020-04-15'),
(190, 12, '2020-04-15'),
(190, 13, '2020-04-15'),
(190, 14, '2020-04-15'),
(190, 15, '2020-04-15'),
(190, 16, '2021-04-15'),
(190, 17, '2021-04-15'),
(190, 18, '2021-04-15'),
(190, 20, '2021-04-15'),
(190, 22, '2021-04-15'),
(190, 26, '2021-04-15'),
(191, 1, '2021-04-15'),
(191, 2, '2021-04-15'),
(191, 3, '2021-04-15'),
(191, 4, '2021-04-15'),
(191, 5, '2021-04-15'),
(191, 6, '2021-04-15'),
(191, 7, '2020-04-15'),
(191, 9, '2020-04-15'),
(191, 10, '2020-04-15'),
(191, 11, '2020-04-15'),
(191, 12, '2020-04-15'),
(191, 14, '2020-04-15'),
(191, 15, '2020-04-15'),
(191, 16, '2021-04-15'),
(191, 17, '2021-04-15'),
(191, 21, '2021-04-15'),
(191, 23, '2021-04-15'),
(191, 24, '2021-04-15'),
(191, 25, '2021-04-15'),
(192, 1, '2021-04-15'),
(192, 2, '2021-04-15'),
(192, 3, '2021-04-15'),
(192, 4, '2021-04-15'),
(192, 5, '2021-04-15'),
(192, 6, '2021-04-15'),
(192, 7, '2020-04-15'),
(192, 9, '2020-04-15'),
(192, 10, '2020-04-15'),
(192, 11, '2020-04-15'),
(192, 12, '2020-04-15'),
(192, 13, '2020-04-15'),
(192, 14, '2020-04-15'),
(192, 16, '2021-04-15'),
(192, 17, '2021-04-15'),
(192, 18, '2021-04-15'),
(192, 20, '2021-04-15'),
(192, 21, '2021-04-15'),
(192, 23, '2021-04-15'),
(192, 24, '2021-04-15'),
(192, 25, '2021-04-15'),
(192, 26, '2021-04-15'),
(193, 1, '2021-04-15'),
(193, 2, '2021-04-15'),
(193, 3, '2021-04-15'),
(193, 4, '2021-04-15'),
(193, 5, '2021-04-15'),
(193, 6, '2021-04-15'),
(193, 7, '2020-04-15'),
(193, 9, '2020-04-15'),
(193, 10, '2020-04-15'),
(193, 11, '2020-04-15'),
(193, 12, '2020-04-15'),
(193, 13, '2020-04-15'),
(193, 14, '2020-04-15'),
(193, 15, '2020-04-15'),
(193, 16, '2021-04-15'),
(193, 17, '2021-04-15'),
(193, 22, '2021-04-15'),
(193, 24, '2021-04-15'),
(193, 26, '2021-04-15'),
(194, 1, '2021-04-15'),
(194, 2, '2021-04-15'),
(194, 3, '2021-04-15'),
(194, 4, '2021-04-15'),
(194, 5, '2021-04-15'),
(194, 6, '2021-04-15'),
(194, 7, '2020-04-15'),
(194, 9, '2020-04-15'),
(194, 10, '2020-04-15'),
(194, 11, '2020-04-15'),
(194, 12, '2020-04-15'),
(194, 13, '2020-04-15'),
(194, 15, '2020-04-15'),
(194, 16, '2021-04-15'),
(194, 17, '2021-04-15'),
(194, 21, '2021-04-15'),
(194, 22, '2021-04-15'),
(194, 24, '2021-04-15'),
(194, 25, '2021-04-15'),
(195, 1, '2021-04-15'),
(195, 2, '2021-04-15'),
(195, 3, '2021-04-15'),
(195, 4, '2021-04-15'),
(195, 5, '2021-04-15'),
(195, 6, '2021-04-15'),
(195, 7, '2020-04-15'),
(195, 9, '2020-04-15'),
(195, 10, '2020-04-15'),
(195, 11, '2020-04-15'),
(195, 12, '2020-04-15'),
(195, 14, '2020-04-15'),
(195, 15, '2020-04-15'),
(195, 16, '2021-04-15'),
(195, 17, '2021-04-15'),
(195, 18, '2021-04-15'),
(195, 20, '2021-04-15'),
(195, 22, '2021-04-15'),
(195, 24, '2021-04-15'),
(195, 26, '2021-04-15'),
(196, 1, '2021-04-15'),
(196, 2, '2021-04-15'),
(196, 3, '2021-04-15'),
(196, 4, '2021-04-15'),
(196, 5, '2021-04-15'),
(196, 6, '2021-04-15'),
(196, 7, '2020-04-15'),
(196, 9, '2020-04-15'),
(196, 10, '2020-04-15'),
(196, 11, '2020-04-15'),
(196, 12, '2020-04-15'),
(196, 13, '2020-04-15'),
(196, 14, '2020-04-15'),
(196, 15, '2020-04-15'),
(196, 16, '2021-04-15'),
(196, 17, '2021-04-15'),
(196, 18, '2021-04-15'),
(196, 20, '2021-04-15'),
(196, 21, '2021-04-15'),
(196, 22, '2021-04-15'),
(196, 23, '2021-04-15'),
(196, 24, '2021-04-15'),
(197, 1, '2021-04-15'),
(197, 2, '2021-04-15'),
(197, 3, '2021-04-15'),
(197, 4, '2021-04-15'),
(197, 5, '2021-04-15'),
(197, 6, '2021-04-15'),
(197, 7, '2020-04-15'),
(197, 9, '2020-04-15'),
(197, 10, '2020-04-15'),
(197, 11, '2020-04-15'),
(197, 12, '2020-04-15'),
(197, 13, '2020-04-15'),
(197, 14, '2020-04-15'),
(197, 15, '2020-04-15'),
(197, 16, '2021-04-15'),
(197, 17, '2021-04-15'),
(197, 20, '2021-04-15'),
(197, 23, '2021-04-15'),
(197, 24, '2021-04-15'),
(197, 25, '2021-04-15'),
(197, 26, '2021-04-15'),
(198, 1, '2021-04-15'),
(198, 2, '2021-04-15'),
(198, 3, '2021-04-15'),
(198, 4, '2021-04-15'),
(198, 5, '2021-04-15'),
(198, 6, '2021-04-15'),
(198, 7, '2020-04-15'),
(198, 9, '2020-04-15'),
(198, 10, '2020-04-15'),
(198, 11, '2020-04-15'),
(198, 12, '2020-04-15'),
(198, 13, '2020-04-15'),
(198, 14, '2020-04-15'),
(198, 15, '2020-04-15'),
(198, 16, '2021-04-15'),
(198, 17, '2021-04-15'),
(198, 18, '2021-04-15'),
(198, 23, '2021-04-15'),
(198, 25, '2021-04-15'),
(199, 1, '2021-04-15'),
(199, 2, '2021-04-15'),
(199, 3, '2021-04-15'),
(199, 4, '2021-04-15'),
(199, 5, '2021-04-15'),
(199, 6, '2021-04-15'),
(199, 7, '2020-04-15'),
(199, 9, '2020-04-15'),
(199, 10, '2020-04-15'),
(199, 11, '2020-04-15'),
(199, 12, '2020-04-15'),
(199, 13, '2020-04-15'),
(199, 14, '2020-04-15'),
(199, 15, '2020-04-15'),
(199, 16, '2021-04-15'),
(199, 17, '2021-04-15'),
(199, 18, '2021-04-15'),
(199, 23, '2021-04-15'),
(199, 24, '2021-04-15'),
(199, 25, '2021-04-15'),
(199, 26, '2021-04-15'),
(200, 1, '2021-04-15'),
(200, 2, '2021-04-15'),
(200, 3, '2021-04-15'),
(200, 4, '2021-04-15'),
(200, 5, '2021-04-15'),
(200, 6, '2021-04-15'),
(200, 7, '2020-04-15'),
(200, 9, '2020-04-15'),
(200, 10, '2020-04-15'),
(200, 11, '2020-04-15'),
(200, 12, '2020-04-15'),
(200, 13, '2020-04-15'),
(200, 14, '2020-04-15'),
(200, 15, '2020-04-15'),
(200, 16, '2021-04-15'),
(200, 17, '2021-04-15'),
(200, 18, '2021-04-15'),
(200, 20, '2021-04-15'),
(200, 21, '2021-04-15'),
(200, 25, '2021-04-15'),
(200, 26, '2021-04-15'),
(201, 1, '2020-04-15'),
(201, 2, '2020-04-15'),
(201, 3, '2020-04-15'),
(201, 4, '2020-04-15'),
(201, 5, '2020-04-15'),
(201, 6, '2020-04-15'),
(201, 7, '2021-04-15'),
(201, 9, '2021-04-15'),
(201, 10, '2021-04-15'),
(201, 11, '2021-04-15'),
(201, 12, '2021-04-15'),
(201, 13, '2021-04-15'),
(201, 14, '2021-04-15'),
(201, 15, '2021-04-15'),
(202, 1, '2020-04-15'),
(202, 2, '2020-04-15'),
(202, 3, '2020-04-15'),
(202, 4, '2020-04-15'),
(202, 5, '2020-04-15'),
(202, 6, '2020-04-15'),
(202, 7, '2021-04-15'),
(202, 9, '2021-04-15'),
(202, 10, '2021-04-15'),
(202, 11, '2021-04-15'),
(202, 12, '2021-04-15'),
(202, 13, '2021-04-15'),
(202, 14, '2021-04-15'),
(203, 1, '2020-04-15'),
(203, 2, '2020-04-15'),
(203, 3, '2020-04-15'),
(203, 4, '2020-04-15'),
(203, 5, '2020-04-15'),
(203, 6, '2020-04-15'),
(203, 7, '2021-04-15'),
(203, 9, '2021-04-15'),
(203, 10, '2021-04-15'),
(203, 11, '2021-04-15'),
(203, 12, '2021-04-15'),
(203, 13, '2021-04-15'),
(203, 14, '2021-04-15'),
(203, 15, '2021-04-15'),
(204, 1, '2020-04-15'),
(204, 2, '2020-04-15'),
(204, 3, '2020-04-15'),
(204, 4, '2020-04-15'),
(204, 5, '2020-04-15'),
(204, 6, '2020-04-15'),
(204, 7, '2021-04-15'),
(204, 9, '2021-04-15'),
(204, 10, '2021-04-15'),
(204, 11, '2021-04-15'),
(204, 12, '2021-04-15'),
(204, 14, '2021-04-15'),
(204, 15, '2021-04-15'),
(205, 1, '2020-04-15'),
(205, 2, '2020-04-15'),
(205, 3, '2020-04-15'),
(205, 4, '2020-04-15'),
(205, 5, '2020-04-15'),
(205, 6, '2020-04-15'),
(205, 7, '2021-04-15'),
(205, 9, '2021-04-15'),
(205, 10, '2021-04-15'),
(205, 11, '2021-04-15'),
(205, 12, '2021-04-15'),
(205, 14, '2021-04-15'),
(205, 15, '2021-04-15'),
(206, 1, '2020-04-15'),
(206, 2, '2020-04-15'),
(206, 3, '2020-04-15'),
(206, 4, '2020-04-15'),
(206, 5, '2020-04-15'),
(206, 6, '2020-04-15'),
(206, 7, '2021-04-15'),
(206, 9, '2021-04-15'),
(206, 10, '2021-04-15'),
(206, 11, '2021-04-15'),
(206, 12, '2021-04-15'),
(206, 15, '2021-04-15'),
(207, 1, '2020-04-15'),
(207, 2, '2020-04-15'),
(207, 3, '2020-04-15'),
(207, 4, '2020-04-15'),
(207, 5, '2020-04-15'),
(207, 6, '2020-04-15'),
(207, 7, '2021-04-15'),
(207, 9, '2021-04-15'),
(207, 10, '2021-04-15'),
(207, 11, '2021-04-15'),
(207, 12, '2021-04-15'),
(207, 13, '2021-04-15'),
(207, 14, '2021-04-15'),
(207, 15, '2021-04-15'),
(208, 1, '2020-04-15'),
(208, 2, '2020-04-15'),
(208, 3, '2020-04-15'),
(208, 4, '2020-04-15'),
(208, 5, '2020-04-15'),
(208, 6, '2020-04-15'),
(208, 7, '2021-04-15'),
(208, 9, '2021-04-15'),
(208, 10, '2021-04-15'),
(208, 11, '2021-04-15'),
(208, 12, '2021-04-15'),
(208, 13, '2021-04-15'),
(208, 14, '2021-04-15'),
(209, 1, '2020-04-15'),
(209, 2, '2020-04-15'),
(209, 3, '2020-04-15'),
(209, 4, '2020-04-15'),
(209, 5, '2020-04-15'),
(209, 6, '2020-04-15'),
(209, 7, '2021-04-15'),
(209, 9, '2021-04-15'),
(209, 10, '2021-04-15'),
(209, 11, '2021-04-15'),
(209, 12, '2021-04-15'),
(209, 14, '2021-04-15'),
(209, 15, '2021-04-15'),
(210, 1, '2020-04-15'),
(210, 2, '2020-04-15'),
(210, 3, '2020-04-15'),
(210, 4, '2020-04-15'),
(210, 5, '2020-04-15'),
(210, 6, '2020-04-15'),
(210, 7, '2021-04-15'),
(210, 9, '2021-04-15'),
(210, 10, '2021-04-15'),
(210, 11, '2021-04-15'),
(210, 12, '2021-04-15'),
(210, 13, '2021-04-15'),
(210, 15, '2021-04-15'),
(211, 1, '2020-04-15'),
(211, 2, '2020-04-15'),
(211, 3, '2020-04-15'),
(211, 4, '2020-04-15'),
(211, 5, '2020-04-15'),
(211, 6, '2020-04-15'),
(211, 7, '2021-04-15'),
(211, 9, '2021-04-15'),
(211, 10, '2021-04-15'),
(211, 11, '2021-04-15'),
(211, 12, '2021-04-15'),
(211, 13, '2021-04-15'),
(211, 15, '2021-04-15'),
(212, 1, '2020-04-15'),
(212, 2, '2020-04-15'),
(212, 3, '2020-04-15'),
(212, 4, '2020-04-15'),
(212, 5, '2020-04-15'),
(212, 6, '2020-04-15'),
(212, 7, '2021-04-15'),
(212, 9, '2021-04-15'),
(212, 10, '2021-04-15'),
(212, 11, '2021-04-15'),
(212, 12, '2021-04-15'),
(212, 13, '2021-04-15'),
(212, 14, '2021-04-15'),
(212, 15, '2021-04-15'),
(213, 1, '2020-04-15'),
(213, 2, '2020-04-15'),
(213, 3, '2020-04-15'),
(213, 4, '2020-04-15'),
(213, 5, '2020-04-15'),
(213, 6, '2020-04-15'),
(213, 7, '2021-04-15'),
(213, 9, '2021-04-15'),
(213, 10, '2021-04-15'),
(213, 11, '2021-04-15'),
(213, 12, '2021-04-15'),
(213, 13, '2021-04-15'),
(213, 14, '2021-04-15'),
(213, 15, '2021-04-15'),
(214, 1, '2020-04-15'),
(214, 2, '2020-04-15'),
(214, 3, '2020-04-15'),
(214, 4, '2020-04-15'),
(214, 5, '2020-04-15'),
(214, 6, '2020-04-15'),
(214, 7, '2021-04-15'),
(214, 9, '2021-04-15'),
(214, 10, '2021-04-15'),
(214, 11, '2021-04-15'),
(214, 12, '2021-04-15'),
(214, 13, '2021-04-15'),
(215, 1, '2020-04-15'),
(215, 2, '2020-04-15'),
(215, 3, '2020-04-15'),
(215, 4, '2020-04-15'),
(215, 5, '2020-04-15'),
(215, 6, '2020-04-15'),
(215, 7, '2021-04-15'),
(215, 9, '2021-04-15'),
(215, 10, '2021-04-15'),
(215, 11, '2021-04-15'),
(215, 12, '2021-04-15'),
(215, 13, '2021-04-15'),
(215, 14, '2021-04-15'),
(215, 15, '2021-04-15'),
(216, 1, '2020-04-15'),
(216, 2, '2020-04-15'),
(216, 3, '2020-04-15'),
(216, 4, '2020-04-15'),
(216, 5, '2020-04-15'),
(216, 6, '2020-04-15'),
(216, 7, '2021-04-15'),
(216, 9, '2021-04-15'),
(216, 10, '2021-04-15'),
(216, 11, '2021-04-15'),
(216, 12, '2021-04-15'),
(216, 14, '2021-04-15'),
(216, 15, '2021-04-15'),
(217, 1, '2020-04-15'),
(217, 2, '2020-04-15'),
(217, 3, '2020-04-15'),
(217, 4, '2020-04-15'),
(217, 5, '2020-04-15'),
(217, 6, '2020-04-15'),
(217, 7, '2021-04-15'),
(217, 9, '2021-04-15'),
(217, 10, '2021-04-15'),
(217, 11, '2021-04-15'),
(217, 12, '2021-04-15'),
(217, 13, '2021-04-15'),
(217, 14, '2021-04-15'),
(217, 15, '2021-04-15'),
(218, 1, '2020-04-15'),
(218, 2, '2020-04-15'),
(218, 3, '2020-04-15'),
(218, 4, '2020-04-15'),
(218, 5, '2020-04-15'),
(218, 6, '2020-04-15'),
(218, 7, '2021-04-15'),
(218, 9, '2021-04-15'),
(218, 10, '2021-04-15'),
(218, 11, '2021-04-15'),
(218, 12, '2021-04-15'),
(218, 14, '2021-04-15'),
(218, 15, '2021-04-15'),
(219, 1, '2020-04-15'),
(219, 2, '2020-04-15'),
(219, 3, '2020-04-15'),
(219, 4, '2020-04-15'),
(219, 5, '2020-04-15'),
(219, 6, '2020-04-15'),
(219, 7, '2021-04-15'),
(219, 9, '2021-04-15'),
(219, 10, '2021-04-15'),
(219, 11, '2021-04-15'),
(219, 12, '2021-04-15'),
(219, 13, '2021-04-15'),
(219, 14, '2021-04-15'),
(219, 15, '2021-04-15'),
(220, 1, '2020-04-15'),
(220, 2, '2020-04-15'),
(220, 3, '2020-04-15'),
(220, 4, '2020-04-15'),
(220, 5, '2020-04-15'),
(220, 6, '2020-04-15'),
(220, 7, '2021-04-15'),
(220, 9, '2021-04-15'),
(220, 10, '2021-04-15'),
(220, 11, '2021-04-15'),
(220, 12, '2021-04-15'),
(220, 13, '2021-04-15'),
(220, 14, '2021-04-15'),
(220, 15, '2021-04-15'),
(221, 1, '2021-04-15'),
(221, 2, '2021-04-15'),
(221, 3, '2021-04-15'),
(221, 4, '2021-04-15'),
(221, 5, '2021-04-15'),
(221, 6, '2021-04-15'),
(222, 1, '2021-04-15'),
(222, 2, '2021-04-15'),
(222, 3, '2021-04-15'),
(222, 4, '2021-04-15'),
(222, 5, '2021-04-15'),
(222, 6, '2021-04-15'),
(223, 1, '2021-04-15'),
(223, 2, '2021-04-15'),
(223, 3, '2021-04-15'),
(223, 4, '2021-04-15'),
(223, 5, '2021-04-15'),
(223, 6, '2021-04-15'),
(224, 1, '2021-04-15'),
(224, 2, '2021-04-15'),
(224, 3, '2021-04-15'),
(224, 4, '2021-04-15'),
(224, 5, '2021-04-15'),
(224, 6, '2021-04-15'),
(225, 1, '2021-04-15'),
(225, 2, '2021-04-15'),
(225, 3, '2021-04-15'),
(225, 4, '2021-04-15'),
(225, 5, '2021-04-15'),
(225, 6, '2021-04-15'),
(226, 1, '2021-04-15'),
(226, 2, '2021-04-15'),
(226, 3, '2021-04-15'),
(226, 4, '2021-04-15'),
(226, 5, '2021-04-15'),
(226, 6, '2021-04-15'),
(227, 1, '2021-04-15'),
(227, 2, '2021-04-15'),
(227, 3, '2021-04-15'),
(227, 4, '2021-04-15'),
(227, 5, '2021-04-15'),
(227, 6, '2021-04-15'),
(228, 1, '2021-04-15'),
(228, 2, '2021-04-15'),
(228, 3, '2021-04-15'),
(228, 4, '2021-04-15'),
(228, 5, '2021-04-15'),
(228, 6, '2021-04-15'),
(229, 1, '2021-04-15'),
(229, 2, '2021-04-15'),
(229, 3, '2021-04-15'),
(229, 4, '2021-04-15'),
(229, 5, '2021-04-15'),
(229, 6, '2021-04-15'),
(230, 1, '2021-04-15'),
(230, 2, '2021-04-15'),
(230, 3, '2021-04-15'),
(230, 4, '2021-04-15'),
(230, 5, '2021-04-15'),
(230, 6, '2021-04-15'),
(231, 1, '2021-04-15'),
(231, 2, '2021-04-15'),
(231, 3, '2021-04-15'),
(231, 4, '2021-04-15'),
(231, 5, '2021-04-15'),
(231, 6, '2021-04-15'),
(232, 1, '2021-04-15'),
(232, 2, '2021-04-15'),
(232, 3, '2021-04-15'),
(232, 4, '2021-04-15'),
(232, 5, '2021-04-15'),
(232, 6, '2021-04-15'),
(233, 1, '2021-04-15'),
(233, 2, '2021-04-15'),
(233, 3, '2021-04-15'),
(233, 4, '2021-04-15'),
(233, 5, '2021-04-15'),
(233, 6, '2021-04-15'),
(234, 1, '2021-04-15'),
(234, 2, '2021-04-15'),
(234, 3, '2021-04-15'),
(234, 4, '2021-04-15'),
(234, 5, '2021-04-15'),
(234, 6, '2021-04-15'),
(235, 1, '2021-04-15'),
(235, 2, '2021-04-15'),
(235, 3, '2021-04-15'),
(235, 4, '2021-04-15'),
(235, 5, '2021-04-15'),
(235, 6, '2021-04-15'),
(236, 1, '2021-04-15'),
(236, 2, '2021-04-15'),
(236, 3, '2021-04-15'),
(236, 4, '2021-04-15'),
(236, 5, '2021-04-15'),
(236, 6, '2021-04-15'),
(237, 1, '2021-04-15'),
(237, 2, '2021-04-15'),
(237, 3, '2021-04-15'),
(237, 4, '2021-04-15'),
(237, 5, '2021-04-15'),
(237, 6, '2021-04-15'),
(238, 1, '2021-04-15'),
(238, 2, '2021-04-15'),
(238, 3, '2021-04-15'),
(238, 4, '2021-04-15'),
(238, 5, '2021-04-15'),
(238, 6, '2021-04-15'),
(239, 1, '2021-04-15'),
(239, 2, '2021-04-15'),
(239, 3, '2021-04-15'),
(239, 4, '2021-04-15'),
(239, 5, '2021-04-15'),
(239, 6, '2021-04-15'),
(240, 1, '2021-04-15'),
(240, 2, '2021-04-15'),
(240, 3, '2021-04-15'),
(240, 4, '2021-04-15'),
(240, 5, '2021-04-15'),
(240, 6, '2021-04-15');

-- --------------------------------------------------------

--
-- Table structure for table `part`
--

CREATE TABLE `part` (
  `PartID` int(11) NOT NULL,
  `Part Name` varchar(50) DEFAULT NULL
) ENGINE=InnoDB DEFAULT CHARSET=utf8mb4 COLLATE=utf8mb4_general_ci;

--
-- Dumping data for table `part`
--

INSERT INTO `part` (`PartID`, `Part Name`) VALUES
(1, 'Year 1'),
(2, 'Year 2'),
(3, 'Year 3');

-- --------------------------------------------------------

--
-- Table structure for table `student`
--

CREATE TABLE `student` (
  `StudentID` int(11) NOT NULL,
  `First Name` varchar(50) DEFAULT NULL,
  `Last Name` varchar(50) DEFAULT NULL,
  `Email` varchar(100) DEFAULT NULL,
  `Phone Number` varchar(20) DEFAULT NULL,
  `Country` varchar(50) DEFAULT NULL,
  `State` varchar(50) DEFAULT NULL,
  `Gender` varchar(10) DEFAULT NULL,
  `Nationality` varchar(50) DEFAULT NULL
) ENGINE=InnoDB DEFAULT CHARSET=utf8mb4 COLLATE=utf8mb4_general_ci;

--
-- Dumping data for table `student`
--

INSERT INTO `student` (`StudentID`, `First Name`, `Last Name`, `Email`, `Phone Number`, `Country`, `State`, `Gender`, `Nationality`) VALUES
(1, '`First Name`1', '`Last Name`1', '`First Name`1.`Last Name`1@email.com', '442169000000', 'Denmark', 'Berlin', 'Female', 'British'),
(2, '`First Name`2', '`Last Name`2', '`First Name`2.`Last Name`2@email.com', '443022000000', 'Netherlands', 'Baden-Wurttemberg', 'Male', 'Swiss'),
(3, '`First Name`3', '`Last Name`3', '`First Name`3.`Last Name`3@email.com', '448301000000', 'Germany', 'Swiss Confederation', 'Male', 'Spanish'),
(4, '`First Name`4', '`Last Name`4', '`First Name`4.`Last Name`4@email.com', '448836000000', 'Denmark', 'Rhone-Alpes', 'Female', 'Spanish'),
(5, '`First Name`5', '`Last Name`5', '`First Name`5.`Last Name`5@email.com', '443726000000', 'France', 'England', 'Female', 'Italian'),
(6, '`First Name`6', '`Last Name`6', '`First Name`6.`Last Name`6@email.com', '444561000000', 'Germany', 'Catalonia', 'Male', 'Austrian'),
(7, '`First Name`7', '`Last Name`7', '`First Name`7.`Last Name`7@email.com', '449905000000', 'Belgium', 'Bavaria', 'Male', 'Italian'),
(8, '`First Name`8', '`Last Name`8', '`First Name`8.`Last Name`8@email.com', '447261000000', 'Spain', 'Rhone-Alpes', 'Male', 'French'),
(9, '`First Name`9', '`Last Name`9', '`First Name`9.`Last Name`9@email.com', '444649000000', 'Italy', 'Rhone-Alpes', 'Female', 'Austrian'),
(10, '`First Name`10', '`Last Name`10', '`First Name`10.`Last Name`10@email.com', '446575000000', 'France', 'Andalusia', 'Male', 'Austrian'),
(11, '`First Name`11', '`Last Name`11', '`First Name`11.`Last Name`11@email.com', '442717000000', 'Netherlands', 'Ile-de-France', 'Male', 'British'),
(12, '`First Name`12', '`Last Name`12', '`First Name`12.`Last Name`12@email.com', '445113000000', 'Spain', 'Andalusia', 'Female', 'British'),
(13, '`First Name`13', '`Last Name`13', '`First Name`13.`Last Name`13@email.com', '443457000000', 'United Kingdom', 'Vienna', 'Female', 'German'),
(14, '`First Name`14', '`Last Name`14', '`First Name`14.`Last Name`14@email.com', '447872000000', 'Spain', 'Catalonia', 'Female', 'British'),
(15, '`First Name`15', '`Last Name`15', '`First Name`15.`Last Name`15@email.com', '449308000000', 'United Kingdom', 'Rhone-Alpes', 'Female', 'Italian'),
(16, '`First Name`16', '`Last Name`16', '`First Name`16.`Last Name`16@email.com', '444930000000', 'United Kingdom', 'Latium', 'Male', 'Belgian'),
(17, '`First Name`17', '`Last Name`17', '`First Name`17.`Last Name`17@email.com', '441070000000', 'United Kingdom', 'Rhone-Alpes', 'Female', 'Italian'),
(18, '`First Name`18', '`Last Name`18', '`First Name`18.`Last Name`18@email.com', '441071000000', 'Spain', 'Rhone-Alpes', 'Female', 'Italian'),
(19, '`First Name`19', '`Last Name`19', '`First Name`19.`Last Name`19@email.com', '442942000000', 'Italy', 'Lombardy', 'Male', 'Swiss'),
(20, '`First Name`20', '`Last Name`20', '`First Name`20.`Last Name`20@email.com', '445310000000', 'Italy', 'Bavaria', 'Male', 'Danish'),
(21, '`First Name`21', '`Last Name`21', '`First Name`21.`Last Name`21@email.com', '446392000000', 'Germany', 'Bavaria', 'Female', 'Spanish'),
(22, '`First Name`22', '`Last Name`22', '`First Name`22.`Last Name`22@email.com', '446780000000', 'Denmark', 'Wales', 'Male', 'German'),
(23, '`First Name`23', '`Last Name`23', '`First Name`23.`Last Name`23@email.com', '443364000000', 'Italy', 'Latium', 'Female', 'British'),
(24, '`First Name`24', '`Last Name`24', '`First Name`24.`Last Name`24@email.com', '447932000000', 'Austria', 'Bavaria', 'Male', 'French'),
(25, '`First Name`25', '`Last Name`25', '`First Name`25.`Last Name`25@email.com', '442349000000', 'United Kingdom', 'Andalusia', 'Male', 'German'),
(26, '`First Name`26', '`Last Name`26', '`First Name`26.`Last Name`26@email.com', '442117000000', 'Netherlands', 'Andalusia', 'Female', 'Austrian'),
(27, '`First Name`27', '`Last Name`27', '`First Name`27.`Last Name`27@email.com', '448206000000', 'Netherlands', 'Baden-Wurttemberg', 'Female', 'Swiss'),
(28, '`First Name`28', '`Last Name`28', '`First Name`28.`Last Name`28@email.com', '447592000000', 'United Kingdom', 'Baden-Wurttemberg', 'Male', 'Italian'),
(29, '`First Name`29', '`Last Name`29', '`First Name`29.`Last Name`29@email.com', '449139000000', 'Germany', 'Baden-Wurttemberg', 'Female', 'French'),
(30, '`First Name`30', '`Last Name`30', '`First Name`30.`Last Name`30@email.com', '441170000000', 'France', 'Vienna', 'Female', 'Italian'),
(31, '`First Name`31', '`Last Name`31', '`First Name`31.`Last Name`31@email.com', '442345000000', 'Germany', 'Andalusia', 'Male', 'Austrian'),
(32, '`First Name`32', '`Last Name`32', '`First Name`32.`Last Name`32@email.com', '441432000000', 'France', 'Swiss Confederation', 'Male', 'Austrian'),
(33, '`First Name`33', '`Last Name`33', '`First Name`33.`Last Name`33@email.com', '444938000000', 'Italy', 'Ile-de-France', 'Male', 'French'),
(34, '`First Name`34', '`Last Name`34', '`First Name`34.`Last Name`34@email.com', '446133000000', 'Italy', 'Baden-Wurttemberg', 'Female', 'Italian'),
(35, '`First Name`35', '`Last Name`35', '`First Name`35.`Last Name`35@email.com', '445496000000', 'Germany', 'Scotland', 'Male', 'Spanish'),
(36, '`First Name`36', '`Last Name`36', '`First Name`36.`Last Name`36@email.com', '445383000000', 'Germany', 'Swiss Confederation', 'Male', 'Belgian'),
(37, '`First Name`37', '`Last Name`37', '`First Name`37.`Last Name`37@email.com', '443604000000', 'Spain', 'Copenhagen', 'Female', 'German'),
(38, '`First Name`38', '`Last Name`38', '`First Name`38.`Last Name`38@email.com', '446159000000', 'Denmark', 'Berlin', 'Male', 'Danish'),
(39, '`First Name`39', '`Last Name`39', '`First Name`39.`Last Name`39@email.com', '445844000000', 'Spain', 'Northern Ireland', 'Male', 'Dutch'),
(40, '`First Name`40', '`Last Name`40', '`First Name`40.`Last Name`40@email.com', '447586000000', 'Germany', 'Swiss Confederation', 'Female', 'French'),
(41, '`First Name`41', '`Last Name`41', '`First Name`41.`Last Name`41@email.com', '447303000000', 'Belgium', 'Wales', 'Male', 'Spanish'),
(42, '`First Name`42', '`Last Name`42', '`First Name`42.`Last Name`42@email.com', '447319000000', 'Denmark', 'Lombardy', 'Male', 'Belgian'),
(43, '`First Name`43', '`Last Name`43', '`First Name`43.`Last Name`43@email.com', '447386000000', 'Denmark', 'Lombardy', 'Male', 'French'),
(44, '`First Name`44', '`Last Name`44', '`First Name`44.`Last Name`44@email.com', '441486000000', 'Netherlands', 'Swiss Confederation', 'Female', 'Italian'),
(45, '`First Name`45', '`Last Name`45', '`First Name`45.`Last Name`45@email.com', '441342000000', 'Italy', 'Scotland', 'Male', 'Dutch'),
(46, '`First Name`46', '`Last Name`46', '`First Name`46.`Last Name`46@email.com', '441615000000', 'Austria', 'Catalonia', 'Male', 'Danish'),
(47, '`First Name`47', '`Last Name`47', '`First Name`47.`Last Name`47@email.com', '449067000000', 'Italy', 'Wales', 'Male', 'Italian'),
(48, '`First Name`48', '`Last Name`48', '`First Name`48.`Last Name`48@email.com', '441336000000', 'Switzerland', 'Andalusia', 'Male', 'Spanish'),
(49, '`First Name`49', '`Last Name`49', '`First Name`49.`Last Name`49@email.com', '443910000000', 'United Kingdom', 'Baden-Wurttemberg', 'Female', 'Italian'),
(50, '`First Name`50', '`Last Name`50', '`First Name`50.`Last Name`50@email.com', '447058000000', 'Netherlands', 'Northern Ireland', 'Female', 'Belgian'),
(51, '`First Name`51', '`Last Name`51', '`First Name`51.`Last Name`51@email.com', '445765000000', 'United Kingdom', 'Ile-de-France', 'Male', 'German'),
(52, '`First Name`52', '`Last Name`52', '`First Name`52.`Last Name`52@email.com', '445494000000', 'Italy', 'Scotland', 'Male', 'Danish'),
(53, '`First Name`53', '`Last Name`53', '`First Name`53.`Last Name`53@email.com', '444859000000', 'Belgium', 'Baden-Wurttemberg', 'Female', 'Danish'),
(54, '`First Name`54', '`Last Name`54', '`First Name`54.`Last Name`54@email.com', '443924000000', 'Switzerland', 'Lombardy', 'Male', 'British'),
(55, '`First Name`55', '`Last Name`55', '`First Name`55.`Last Name`55@email.com', '442793000000', 'Spain', 'Berlin', 'Female', 'Belgian'),
(56, '`First Name`56', '`Last Name`56', '`First Name`56.`Last Name`56@email.com', '441418000000', 'Italy', 'Wales', 'Male', 'Dutch'),
(57, '`First Name`57', '`Last Name`57', '`First Name`57.`Last Name`57@email.com', '444262000000', 'Austria', 'Vienna', 'Female', 'German'),
(58, '`First Name`58', '`Last Name`58', '`First Name`58.`Last Name`58@email.com', '449075000000', 'Denmark', 'North Holland', 'Female', 'Danish'),
(59, '`First Name`59', '`Last Name`59', '`First Name`59.`Last Name`59@email.com', '447728000000', 'France', 'Vienna', 'Male', 'French'),
(60, '`First Name`60', '`Last Name`60', '`First Name`60.`Last Name`60@email.com', '441700000000', 'Italy', 'Lombardy', 'Female', 'French'),
(61, '`First Name`61', '`Last Name`61', '`First Name`61.`Last Name`61@email.com', '442885000000', 'Belgium', 'Catalonia', 'Male', 'Swiss'),
(62, '`First Name`62', '`Last Name`62', '`First Name`62.`Last Name`62@email.com', '442933000000', 'Switzerland', 'Berlin', 'Male', 'British'),
(63, '`First Name`63', '`Last Name`63', '`First Name`63.`Last Name`63@email.com', '445353000000', 'Austria', 'Berlin', 'Female', 'Austrian'),
(64, '`First Name`64', '`Last Name`64', '`First Name`64.`Last Name`64@email.com', '444800000000', 'Germany', 'Ile-de-France', 'Female', 'Spanish'),
(65, '`First Name`65', '`Last Name`65', '`First Name`65.`Last Name`65@email.com', '446004000000', 'Spain', 'Baden-Wurttemberg', 'Male', 'Belgian'),
(66, '`First Name`66', '`Last Name`66', '`First Name`66.`Last Name`66@email.com', '447745000000', 'Spain', 'Baden-Wurttemberg', 'Male', 'Danish'),
(67, '`First Name`67', '`Last Name`67', '`First Name`67.`Last Name`67@email.com', '443389000000', 'Denmark', 'Wales', 'Female', 'Danish'),
(68, '`First Name`68', '`Last Name`68', '`First Name`68.`Last Name`68@email.com', '446908000000', 'United Kingdom', 'Berlin', 'Female', 'Austrian'),
(69, '`First Name`69', '`Last Name`69', '`First Name`69.`Last Name`69@email.com', '445640000000', 'Belgium', 'England', 'Female', 'Belgian'),
(70, '`First Name`70', '`Last Name`70', '`First Name`70.`Last Name`70@email.com', '447220000000', 'Germany', 'Lombardy', 'Male', 'Swiss'),
(71, '`First Name`71', '`Last Name`71', '`First Name`71.`Last Name`71@email.com', '444248000000', 'Austria', 'Swiss Confederation', 'Male', 'Belgian'),
(72, '`First Name`72', '`Last Name`72', '`First Name`72.`Last Name`72@email.com', '448984000000', 'France', 'Vienna', 'Male', 'Swiss'),
(73, '`First Name`73', '`Last Name`73', '`First Name`73.`Last Name`73@email.com', '445318000000', 'Switzerland', 'Scotland', 'Female', 'British'),
(74, '`First Name`74', '`Last Name`74', '`First Name`74.`Last Name`74@email.com', '449355000000', 'Italy', 'North Holland', 'Male', 'British'),
(75, '`First Name`75', '`Last Name`75', '`First Name`75.`Last Name`75@email.com', '445915000000', 'Netherlands', 'Baden-Wurttemberg', 'Male', 'British'),
(76, '`First Name`76', '`Last Name`76', '`First Name`76.`Last Name`76@email.com', '449849000000', 'Austria', 'Scotland', 'Female', 'Swiss'),
(77, '`First Name`77', '`Last Name`77', '`First Name`77.`Last Name`77@email.com', '449303000000', 'Spain', 'Swiss Confederation', 'Male', 'British'),
(78, '`First Name`78', '`Last Name`78', '`First Name`78.`Last Name`78@email.com', '447257000000', 'Austria', 'Catalonia', 'Female', 'German'),
(79, '`First Name`79', '`Last Name`79', '`First Name`79.`Last Name`79@email.com', '441635000000', 'Italy', 'North Rhine-Westphalia', 'Male', 'Dutch'),
(80, '`First Name`80', '`Last Name`80', '`First Name`80.`Last Name`80@email.com', '442523000000', 'Belgium', 'Bavaria', 'Female', 'Spanish'),
(81, '`First Name`81', '`Last Name`81', '`First Name`81.`Last Name`81@email.com', '443704000000', 'Belgium', 'Swiss Confederation', 'Male', 'Swiss'),
(82, '`First Name`82', '`Last Name`82', '`First Name`82.`Last Name`82@email.com', '448512000000', 'Italy', 'Latium', 'Male', 'Spanish'),
(83, '`First Name`83', '`Last Name`83', '`First Name`83.`Last Name`83@email.com', '448087000000', 'Netherlands', 'North Rhine-Westphalia', 'Female', 'Spanish'),
(84, '`First Name`84', '`Last Name`84', '`First Name`84.`Last Name`84@email.com', '448311000000', 'Belgium', 'Lombardy', 'Female', 'Belgian'),
(85, '`First Name`85', '`Last Name`85', '`First Name`85.`Last Name`85@email.com', '442748000000', 'Denmark', 'Catalonia', 'Male', 'Italian'),
(86, '`First Name`86', '`Last Name`86', '`First Name`86.`Last Name`86@email.com', '447420000000', 'Spain', 'Ile-de-France', 'Male', 'Italian'),
(87, '`First Name`87', '`Last Name`87', '`First Name`87.`Last Name`87@email.com', '444736000000', 'Italy', 'Rhone-Alpes', 'Female', 'French'),
(88, '`First Name`88', '`Last Name`88', '`First Name`88.`Last Name`88@email.com', '443260000000', 'Netherlands', 'Bavaria', 'Male', 'Belgian'),
(89, '`First Name`89', '`Last Name`89', '`First Name`89.`Last Name`89@email.com', '449922000000', 'Italy', 'Flanders', 'Male', 'Swiss'),
(90, '`First Name`90', '`Last Name`90', '`First Name`90.`Last Name`90@email.com', '444766000000', 'Germany', 'Latium', 'Female', 'Italian'),
(91, '`First Name`91', '`Last Name`91', '`First Name`91.`Last Name`91@email.com', '449665000000', 'Netherlands', 'Wales', 'Female', 'German'),
(92, '`First Name`92', '`Last Name`92', '`First Name`92.`Last Name`92@email.com', '446041000000', 'Belgium', 'Latium', 'Male', 'Dutch'),
(93, '`First Name`93', '`Last Name`93', '`First Name`93.`Last Name`93@email.com', '448948000000', 'Netherlands', 'Flanders', 'Female', 'Austrian'),
(94, '`First Name`94', '`Last Name`94', '`First Name`94.`Last Name`94@email.com', '446550000000', 'Belgium', 'Swiss Confederation', 'Male', 'German'),
(95, '`First Name`95', '`Last Name`95', '`First Name`95.`Last Name`95@email.com', '446867000000', 'Germany', 'Northern Ireland', 'Male', 'British'),
(96, '`First Name`96', '`Last Name`96', '`First Name`96.`Last Name`96@email.com', '447480000000', 'United Kingdom', 'Vienna', 'Female', 'Dutch'),
(97, '`First Name`97', '`Last Name`97', '`First Name`97.`Last Name`97@email.com', '446426000000', 'Austria', 'Lombardy', 'Male', 'Belgian'),
(98, '`First Name`98', '`Last Name`98', '`First Name`98.`Last Name`98@email.com', '447930000000', 'Belgium', 'Wales', 'Female', 'Spanish'),
(99, '`First Name`99', '`Last Name`99', '`First Name`99.`Last Name`99@email.com', '445283000000', 'France', 'Latium', 'Male', 'Belgian'),
(100, '`First Name`100', '`Last Name`100', '`First Name`100.`Last Name`100@email.com', '441638000000', 'Italy', 'Wales', 'Male', 'Italian'),
(101, '`First Name`101', '`Last Name`101', '`First Name`101.`Last Name`101@email.com', '447723000000', 'France', 'Rhone-Alpes', 'Female', 'Austrian'),
(102, '`First Name`102', '`Last Name`102', '`First Name`102.`Last Name`102@email.com', '445142000000', 'Austria', 'Vienna', 'Male', 'Belgian'),
(103, '`First Name`103', '`Last Name`103', '`First Name`103.`Last Name`103@email.com', '442273000000', 'Germany', 'Bavaria', 'Male', 'French'),
(104, '`First Name`104', '`Last Name`104', '`First Name`104.`Last Name`104@email.com', '442284000000', 'Belgium', 'Copenhagen', 'Male', 'British'),
(105, '`First Name`105', '`Last Name`105', '`First Name`105.`Last Name`105@email.com', '448869000000', 'Germany', 'Wales', 'Male', 'French'),
(106, '`First Name`106', '`Last Name`106', '`First Name`106.`Last Name`106@email.com', '447875000000', 'Switzerland', 'Flanders', 'Female', 'Danish'),
(107, '`First Name`107', '`Last Name`107', '`First Name`107.`Last Name`107@email.com', '447815000000', 'France', 'Andalusia', 'Male', 'British'),
(108, '`First Name`108', '`Last Name`108', '`First Name`108.`Last Name`108@email.com', '446576000000', 'Belgium', 'Scotland', 'Female', 'Italian'),
(109, '`First Name`109', '`Last Name`109', '`First Name`109.`Last Name`109@email.com', '442207000000', 'Italy', 'Copenhagen', 'Male', 'Italian'),
(110, '`First Name`110', '`Last Name`110', '`First Name`110.`Last Name`110@email.com', '444065000000', 'Netherlands', 'Rhone-Alpes', 'Male', 'Danish'),
(111, '`First Name`111', '`Last Name`111', '`First Name`111.`Last Name`111@email.com', '446963000000', 'Spain', 'Wales', 'Male', 'Swiss'),
(112, '`First Name`112', '`Last Name`112', '`First Name`112.`Last Name`112@email.com', '442778000000', 'Germany', 'Berlin', 'Female', 'British'),
(113, '`First Name`113', '`Last Name`113', '`First Name`113.`Last Name`113@email.com', '444340000000', 'Spain', 'England', 'Male', 'Belgian'),
(114, '`First Name`114', '`Last Name`114', '`First Name`114.`Last Name`114@email.com', '444720000000', 'Netherlands', 'Flanders', 'Male', 'Belgian'),
(115, '`First Name`115', '`Last Name`115', '`First Name`115.`Last Name`115@email.com', '449318000000', 'Netherlands', 'Scotland', 'Female', 'British'),
(116, '`First Name`116', '`Last Name`116', '`First Name`116.`Last Name`116@email.com', '446906000000', 'Italy', 'Bavaria', 'Female', 'German'),
(117, '`First Name`117', '`Last Name`117', '`First Name`117.`Last Name`117@email.com', '441160000000', 'Germany', 'Copenhagen', 'Female', 'Belgian'),
(118, '`First Name`118', '`Last Name`118', '`First Name`118.`Last Name`118@email.com', '449056000000', 'Belgium', 'North Holland', 'Male', 'German'),
(119, '`First Name`119', '`Last Name`119', '`First Name`119.`Last Name`119@email.com', '449577000000', 'France', 'Northern Ireland', 'Male', 'British'),
(120, '`First Name`120', '`Last Name`120', '`First Name`120.`Last Name`120@email.com', '444543000000', 'Belgium', 'Rhone-Alpes', 'Male', 'Italian'),
(121, '`First Name`121', '`Last Name`121', '`First Name`121.`Last Name`121@email.com', '447676000000', 'Austria', 'Copenhagen', 'Male', 'French'),
(122, '`First Name`122', '`Last Name`122', '`First Name`122.`Last Name`122@email.com', '445653000000', 'Italy', 'North Rhine-Westphalia', 'Male', 'British'),
(123, '`First Name`123', '`Last Name`123', '`First Name`123.`Last Name`123@email.com', '441093000000', 'Spain', 'Swiss Confederation', 'Female', 'Austrian'),
(124, '`First Name`124', '`Last Name`124', '`First Name`124.`Last Name`124@email.com', '447443000000', 'Denmark', 'Andalusia', 'Male', 'Dutch'),
(125, '`First Name`125', '`Last Name`125', '`First Name`125.`Last Name`125@email.com', '444708000000', 'Switzerland', 'Northern Ireland', 'Male', 'Dutch'),
(126, '`First Name`126', '`Last Name`126', '`First Name`126.`Last Name`126@email.com', '442568000000', 'Italy', 'Andalusia', 'Female', 'Dutch'),
(127, '`First Name`127', '`Last Name`127', '`First Name`127.`Last Name`127@email.com', '447393000000', 'United Kingdom', 'North Rhine-Westphalia', 'Female', 'Italian'),
(128, '`First Name`128', '`Last Name`128', '`First Name`128.`Last Name`128@email.com', '446057000000', 'United Kingdom', 'Swiss Confederation', 'Female', 'Spanish'),
(129, '`First Name`129', '`Last Name`129', '`First Name`129.`Last Name`129@email.com', '446363000000', 'Belgium', 'Vienna', 'Female', 'Belgian'),
(130, '`First Name`130', '`Last Name`130', '`First Name`130.`Last Name`130@email.com', '444142000000', 'Netherlands', 'Bavaria', 'Male', 'French'),
(131, '`First Name`131', '`Last Name`131', '`First Name`131.`Last Name`131@email.com', '442357000000', 'United Kingdom', 'Vienna', 'Male', 'British'),
(132, '`First Name`132', '`Last Name`132', '`First Name`132.`Last Name`132@email.com', '443704000000', 'Germany', 'Swiss Confederation', 'Male', 'Swiss'),
(133, '`First Name`133', '`Last Name`133', '`First Name`133.`Last Name`133@email.com', '445265000000', 'Netherlands', 'Rhone-Alpes', 'Female', 'Swiss'),
(134, '`First Name`134', '`Last Name`134', '`First Name`134.`Last Name`134@email.com', '448879000000', 'Switzerland', 'Wales', 'Female', 'Austrian'),
(135, '`First Name`135', '`Last Name`135', '`First Name`135.`Last Name`135@email.com', '442978000000', 'Netherlands', 'Berlin', 'Female', 'Spanish'),
(136, '`First Name`136', '`Last Name`136', '`First Name`136.`Last Name`136@email.com', '441031000000', 'Spain', 'Copenhagen', 'Female', 'Spanish'),
(137, '`First Name`137', '`Last Name`137', '`First Name`137.`Last Name`137@email.com', '444041000000', 'Netherlands', 'Catalonia', 'Male', 'Swiss'),
(138, '`First Name`138', '`Last Name`138', '`First Name`138.`Last Name`138@email.com', '443533000000', 'Italy', 'England', 'Male', 'Belgian'),
(139, '`First Name`139', '`Last Name`139', '`First Name`139.`Last Name`139@email.com', '442384000000', 'France', 'Rhone-Alpes', 'Female', 'Spanish'),
(140, '`First Name`140', '`Last Name`140', '`First Name`140.`Last Name`140@email.com', '445399000000', 'Austria', 'Lombardy', 'Female', 'French'),
(141, '`First Name`141', '`Last Name`141', '`First Name`141.`Last Name`141@email.com', '441712000000', 'Denmark', 'North Rhine-Westphalia', 'Male', 'Swiss'),
(142, '`First Name`142', '`Last Name`142', '`First Name`142.`Last Name`142@email.com', '449734000000', 'Denmark', 'Latium', 'Male', 'Spanish'),
(143, '`First Name`143', '`Last Name`143', '`First Name`143.`Last Name`143@email.com', '445161000000', 'Switzerland', 'Scotland', 'Male', 'Danish'),
(144, '`First Name`144', '`Last Name`144', '`First Name`144.`Last Name`144@email.com', '449080000000', 'Switzerland', 'Northern Ireland', 'Female', 'German'),
(145, '`First Name`145', '`Last Name`145', '`First Name`145.`Last Name`145@email.com', '447221000000', 'Belgium', 'England', 'Female', 'French'),
(146, '`First Name`146', '`Last Name`146', '`First Name`146.`Last Name`146@email.com', '443716000000', 'Germany', 'Scotland', 'Female', 'Swiss'),
(147, '`First Name`147', '`Last Name`147', '`First Name`147.`Last Name`147@email.com', '441974000000', 'Spain', 'Lombardy', 'Female', 'Belgian'),
(148, '`First Name`148', '`Last Name`148', '`First Name`148.`Last Name`148@email.com', '442887000000', 'United Kingdom', 'North Rhine-Westphalia', 'Male', 'Dutch'),
(149, '`First Name`149', '`Last Name`149', '`First Name`149.`Last Name`149@email.com', '444520000000', 'Germany', 'North Holland', 'Female', 'German'),
(150, '`First Name`150', '`Last Name`150', '`First Name`150.`Last Name`150@email.com', '442777000000', 'Belgium', 'Catalonia', 'Male', 'French'),
(151, '`First Name`151', '`Last Name`151', '`First Name`151.`Last Name`151@email.com', '441131000000', 'Italy', 'Wales', 'Female', 'Austrian'),
(152, '`First Name`152', '`Last Name`152', '`First Name`152.`Last Name`152@email.com', '448215000000', 'Italy', 'Catalonia', 'Male', 'Danish'),
(153, '`First Name`153', '`Last Name`153', '`First Name`153.`Last Name`153@email.com', '444423000000', 'Belgium', 'Scotland', 'Female', 'Austrian'),
(154, '`First Name`154', '`Last Name`154', '`First Name`154.`Last Name`154@email.com', '444776000000', 'Italy', 'Flanders', 'Female', 'Italian'),
(155, '`First Name`155', '`Last Name`155', '`First Name`155.`Last Name`155@email.com', '444481000000', 'Austria', 'Scotland', 'Female', 'Spanish'),
(156, '`First Name`156', '`Last Name`156', '`First Name`156.`Last Name`156@email.com', '446334000000', 'Italy', 'Baden-Wurttemberg', 'Male', 'Dutch'),
(157, '`First Name`157', '`Last Name`157', '`First Name`157.`Last Name`157@email.com', '443119000000', 'United Kingdom', 'Catalonia', 'Female', 'Swiss'),
(158, '`First Name`158', '`Last Name`158', '`First Name`158.`Last Name`158@email.com', '445620000000', 'Germany', 'Bavaria', 'Female', 'Danish'),
(159, '`First Name`159', '`Last Name`159', '`First Name`159.`Last Name`159@email.com', '446803000000', 'France', 'Ile-de-France', 'Female', 'German'),
(160, '`First Name`160', '`Last Name`160', '`First Name`160.`Last Name`160@email.com', '449099000000', 'Italy', 'Ile-de-France', 'Male', 'Swiss'),
(161, '`First Name`161', '`Last Name`161', '`First Name`161.`Last Name`161@email.com', '446019000000', 'Austria', 'Latium', 'Male', 'British'),
(162, '`First Name`162', '`Last Name`162', '`First Name`162.`Last Name`162@email.com', '449567000000', 'Spain', 'Bavaria', 'Female', 'German'),
(163, '`First Name`163', '`Last Name`163', '`First Name`163.`Last Name`163@email.com', '448742000000', 'Denmark', 'Latium', 'Female', 'Belgian'),
(164, '`First Name`164', '`Last Name`164', '`First Name`164.`Last Name`164@email.com', '442117000000', 'Belgium', 'Latium', 'Male', 'Spanish'),
(165, '`First Name`165', '`Last Name`165', '`First Name`165.`Last Name`165@email.com', '448816000000', 'Spain', 'Catalonia', 'Female', 'German'),
(166, '`First Name`166', '`Last Name`166', '`First Name`166.`Last Name`166@email.com', '442347000000', 'United Kingdom', 'Copenhagen', 'Female', 'Danish'),
(167, '`First Name`167', '`Last Name`167', '`First Name`167.`Last Name`167@email.com', '444235000000', 'Spain', 'Flanders', 'Female', 'Austrian'),
(168, '`First Name`168', '`Last Name`168', '`First Name`168.`Last Name`168@email.com', '446032000000', 'Germany', 'Bavaria', 'Male', 'Austrian'),
(169, '`First Name`169', '`Last Name`169', '`First Name`169.`Last Name`169@email.com', '449752000000', 'Netherlands', 'Rhone-Alpes', 'Female', 'Belgian'),
(170, '`First Name`170', '`Last Name`170', '`First Name`170.`Last Name`170@email.com', '446436000000', 'Belgium', 'Rhone-Alpes', 'Female', 'Spanish'),
(171, '`First Name`171', '`Last Name`171', '`First Name`171.`Last Name`171@email.com', '445822000000', 'France', 'Rhone-Alpes', 'Male', 'Dutch'),
(172, '`First Name`172', '`Last Name`172', '`First Name`172.`Last Name`172@email.com', '449905000000', 'Switzerland', 'Berlin', 'Male', 'Belgian'),
(173, '`First Name`173', '`Last Name`173', '`First Name`173.`Last Name`173@email.com', '449548000000', 'Germany', 'England', 'Female', 'Spanish'),
(174, '`First Name`174', '`Last Name`174', '`First Name`174.`Last Name`174@email.com', '449588000000', 'Denmark', 'North Rhine-Westphalia', 'Female', 'Dutch'),
(175, '`First Name`175', '`Last Name`175', '`First Name`175.`Last Name`175@email.com', '443770000000', 'Austria', 'Baden-Wurttemberg', 'Male', 'Swiss'),
(176, '`First Name`176', '`Last Name`176', '`First Name`176.`Last Name`176@email.com', '441246000000', 'Austria', 'Copenhagen', 'Female', 'Dutch'),
(177, '`First Name`177', '`Last Name`177', '`First Name`177.`Last Name`177@email.com', '447903000000', 'Denmark', 'Northern Ireland', 'Male', 'Spanish'),
(178, '`First Name`178', '`Last Name`178', '`First Name`178.`Last Name`178@email.com', '444107000000', 'Belgium', 'Berlin', 'Female', 'British'),
(179, '`First Name`179', '`Last Name`179', '`First Name`179.`Last Name`179@email.com', '448988000000', 'Austria', 'Scotland', 'Male', 'Danish'),
(180, '`First Name`180', '`Last Name`180', '`First Name`180.`Last Name`180@email.com', '443680000000', 'United Kingdom', 'Catalonia', 'Female', 'Danish'),
(181, '`First Name`181', '`Last Name`181', '`First Name`181.`Last Name`181@email.com', '442616000000', 'Switzerland', 'Bavaria', 'Male', 'Danish'),
(182, '`First Name`182', '`Last Name`182', '`First Name`182.`Last Name`182@email.com', '449152000000', 'France', 'Latium', 'Female', 'Italian'),
(183, '`First Name`183', '`Last Name`183', '`First Name`183.`Last Name`183@email.com', '445563000000', 'France', 'Bavaria', 'Male', 'German'),
(184, '`First Name`184', '`Last Name`184', '`First Name`184.`Last Name`184@email.com', '449895000000', 'Spain', 'Catalonia', 'Female', 'Swiss'),
(185, '`First Name`185', '`Last Name`185', '`First Name`185.`Last Name`185@email.com', '444045000000', 'Austria', 'Swiss Confederation', 'Female', 'Swiss'),
(186, '`First Name`186', '`Last Name`186', '`First Name`186.`Last Name`186@email.com', '446204000000', 'United Kingdom', 'Northern Ireland', 'Male', 'Spanish'),
(187, '`First Name`187', '`Last Name`187', '`First Name`187.`Last Name`187@email.com', '444546000000', 'Germany', 'England', 'Female', 'German'),
(188, '`First Name`188', '`Last Name`188', '`First Name`188.`Last Name`188@email.com', '448001000000', 'Switzerland', 'Lombardy', 'Male', 'Austrian'),
(189, '`First Name`189', '`Last Name`189', '`First Name`189.`Last Name`189@email.com', '449803000000', 'Belgium', 'Vienna', 'Female', 'Austrian'),
(190, '`First Name`190', '`Last Name`190', '`First Name`190.`Last Name`190@email.com', '449498000000', 'Spain', 'Andalusia', 'Female', 'Swiss'),
(191, '`First Name`191', '`Last Name`191', '`First Name`191.`Last Name`191@email.com', '441250000000', 'France', 'Scotland', 'Male', 'Dutch'),
(192, '`First Name`192', '`Last Name`192', '`First Name`192.`Last Name`192@email.com', '447099000000', 'Switzerland', 'Latium', 'Female', 'Belgian'),
(193, '`First Name`193', '`Last Name`193', '`First Name`193.`Last Name`193@email.com', '442956000000', 'Belgium', 'Northern Ireland', 'Female', 'Spanish'),
(194, '`First Name`194', '`Last Name`194', '`First Name`194.`Last Name`194@email.com', '442746000000', 'Italy', 'Latium', 'Female', 'Italian'),
(195, '`First Name`195', '`Last Name`195', '`First Name`195.`Last Name`195@email.com', '447571000000', 'Italy', 'Bavaria', 'Female', 'Belgian'),
(196, '`First Name`196', '`Last Name`196', '`First Name`196.`Last Name`196@email.com', '448969000000', 'France', 'Rhone-Alpes', 'Male', 'Dutch'),
(197, '`First Name`197', '`Last Name`197', '`First Name`197.`Last Name`197@email.com', '447922000000', 'Italy', 'Scotland', 'Male', 'Danish'),
(198, '`First Name`198', '`Last Name`198', '`First Name`198.`Last Name`198@email.com', '442448000000', 'United Kingdom', 'Rhone-Alpes', 'Female', 'Belgian'),
(199, '`First Name`199', '`Last Name`199', '`First Name`199.`Last Name`199@email.com', '448744000000', 'Switzerland', 'Flanders', 'Female', 'Belgian'),
(200, '`First Name`200', '`Last Name`200', '`First Name`200.`Last Name`200@email.com', '443533000000', 'Spain', 'North Rhine-Westphalia', 'Female', 'French'),
(201, '`First Name`201', '`Last Name`201', '`First Name`201.`Last Name`201@email.com', '443112000000', 'Switzerland', 'North Holland', 'Male', 'Danish'),
(202, '`First Name`202', '`Last Name`202', '`First Name`202.`Last Name`202@email.com', '445673000000', 'United Kingdom', 'Vienna', 'Male', 'British'),
(203, '`First Name`203', '`Last Name`203', '`First Name`203.`Last Name`203@email.com', '446138000000', 'Spain', 'Copenhagen', 'Male', 'French'),
(204, '`First Name`204', '`Last Name`204', '`First Name`204.`Last Name`204@email.com', '441778000000', 'Spain', 'North Rhine-Westphalia', 'Female', 'Dutch'),
(205, '`First Name`205', '`Last Name`205', '`First Name`205.`Last Name`205@email.com', '445541000000', 'Spain', 'Swiss Confederation', 'Female', 'Danish'),
(206, '`First Name`206', '`Last Name`206', '`First Name`206.`Last Name`206@email.com', '441469000000', 'Spain', 'Andalusia', 'Male', 'Italian'),
(207, '`First Name`207', '`Last Name`207', '`First Name`207.`Last Name`207@email.com', '448194000000', 'Spain', 'Andalusia', 'Female', 'British'),
(208, '`First Name`208', '`Last Name`208', '`First Name`208.`Last Name`208@email.com', '448497000000', 'Switzerland', 'Berlin', 'Female', 'Austrian'),
(209, '`First Name`209', '`Last Name`209', '`First Name`209.`Last Name`209@email.com', '448712000000', 'Netherlands', 'Scotland', 'Female', 'German'),
(210, '`First Name`210', '`Last Name`210', '`First Name`210.`Last Name`210@email.com', '444461000000', 'Spain', 'Bavaria', 'Male', 'Danish'),
(211, '`First Name`211', '`Last Name`211', '`First Name`211.`Last Name`211@email.com', '445484000000', 'France', 'North Holland', 'Male', 'Spanish'),
(212, '`First Name`212', '`Last Name`212', '`First Name`212.`Last Name`212@email.com', '444248000000', 'Italy', 'Swiss Confederation', 'Female', 'Swiss'),
(213, '`First Name`213', '`Last Name`213', '`First Name`213.`Last Name`213@email.com', '448084000000', 'Italy', 'Scotland', 'Female', 'French'),
(214, '`First Name`214', '`Last Name`214', '`First Name`214.`Last Name`214@email.com', '445707000000', 'United Kingdom', 'Bavaria', 'Female', 'British'),
(215, '`First Name`215', '`Last Name`215', '`First Name`215.`Last Name`215@email.com', '442219000000', 'Italy', 'Bavaria', 'Female', 'Swiss'),
(216, '`First Name`216', '`Last Name`216', '`First Name`216.`Last Name`216@email.com', '448844000000', 'Italy', 'Vienna', 'Female', 'Italian'),
(217, '`First Name`217', '`Last Name`217', '`First Name`217.`Last Name`217@email.com', '446715000000', 'Italy', 'Andalusia', 'Male', 'German'),
(218, '`First Name`218', '`Last Name`218', '`First Name`218.`Last Name`218@email.com', '446974000000', 'Germany', 'Vienna', 'Male', 'Swiss'),
(219, '`First Name`219', '`Last Name`219', '`First Name`219.`Last Name`219@email.com', '447648000000', 'Denmark', 'Scotland', 'Female', 'German'),
(220, '`First Name`220', '`Last Name`220', '`First Name`220.`Last Name`220@email.com', '441861000000', 'Belgium', 'Scotland', 'Male', 'Swiss'),
(221, '`First Name`221', '`Last Name`221', '`First Name`221.`Last Name`221@email.com', '442214000000', 'Belgium', 'Swiss Confederation', 'Male', 'Danish'),
(222, '`First Name`222', '`Last Name`222', '`First Name`222.`Last Name`222@email.com', '441227000000', 'Belgium', 'Lombardy', 'Female', 'Dutch'),
(223, '`First Name`223', '`Last Name`223', '`First Name`223.`Last Name`223@email.com', '442173000000', 'Italy', 'Bavaria', 'Male', 'Belgian'),
(224, '`First Name`224', '`Last Name`224', '`First Name`224.`Last Name`224@email.com', '441045000000', 'Spain', 'Flanders', 'Male', 'German'),
(225, '`First Name`225', '`Last Name`225', '`First Name`225.`Last Name`225@email.com', '441627000000', 'Spain', 'Baden-Wurttemberg', 'Male', 'Danish'),
(226, '`First Name`226', '`Last Name`226', '`First Name`226.`Last Name`226@email.com', '447762000000', 'Austria', 'Wales', 'Male', 'Spanish'),
(227, '`First Name`227', '`Last Name`227', '`First Name`227.`Last Name`227@email.com', '445427000000', 'United Kingdom', 'Andalusia', 'Female', 'Belgian'),
(228, '`First Name`228', '`Last Name`228', '`First Name`228.`Last Name`228@email.com', '448067000000', 'Spain', 'Swiss Confederation', 'Female', 'Belgian'),
(229, '`First Name`229', '`Last Name`229', '`First Name`229.`Last Name`229@email.com', '441520000000', 'Germany', 'Rhone-Alpes', 'Female', 'French'),
(230, '`First Name`230', '`Last Name`230', '`First Name`230.`Last Name`230@email.com', '441654000000', 'Austria', 'Scotland', 'Male', 'Italian'),
(231, '`First Name`231', '`Last Name`231', '`First Name`231.`Last Name`231@email.com', '447051000000', 'Denmark', 'Latium', 'Female', 'Danish'),
(232, '`First Name`232', '`Last Name`232', '`First Name`232.`Last Name`232@email.com', '447759000000', 'France', 'Wales', 'Male', 'Swiss'),
(233, '`First Name`233', '`Last Name`233', '`First Name`233.`Last Name`233@email.com', '441315000000', 'Austria', 'Rhone-Alpes', 'Female', 'Spanish'),
(234, '`First Name`234', '`Last Name`234', '`First Name`234.`Last Name`234@email.com', '446473000000', 'United Kingdom', 'Berlin', 'Female', 'Austrian'),
(235, '`First Name`235', '`Last Name`235', '`First Name`235.`Last Name`235@email.com', '442606000000', 'Denmark', 'Scotland', 'Female', 'Swiss'),
(236, '`First Name`236', '`Last Name`236', '`First Name`236.`Last Name`236@email.com', '444429000000', 'Switzerland', 'Swiss Confederation', 'Male', 'German'),
(237, '`First Name`237', '`Last Name`237', '`First Name`237.`Last Name`237@email.com', '447630000000', 'United Kingdom', 'England', 'Female', 'German'),
(238, '`First Name`238', '`Last Name`238', '`First Name`238.`Last Name`238@email.com', '443761000000', 'Denmark', 'Swiss Confederation', 'Male', 'French'),
(239, '`First Name`239', '`Last Name`239', '`First Name`239.`Last Name`239@email.com', '445263000000', 'Netherlands', 'Andalusia', 'Male', 'Dutch'),
(240, '`First Name`240', '`Last Name`240', '`First Name`240.`Last Name`240@email.com', '447040000000', 'Austria', 'England', 'Male', 'Swiss'),
(241, '`First Name`241', '`Last Name`241', '`First Name`241.`Last Name`241@email.com', '447882000000', 'Netherlands', 'Latium', 'Female', 'British'),
(242, '`First Name`242', '`Last Name`242', '`First Name`242.`Last Name`242@email.com', '444886000000', 'Austria', 'Rhone-Alpes', 'Female', 'Danish'),
(243, '`First Name`243', '`Last Name`243', '`First Name`243.`Last Name`243@email.com', '444799000000', 'United Kingdom', 'Berlin', 'Female', 'Spanish'),
(244, '`First Name`244', '`Last Name`244', '`First Name`244.`Last Name`244@email.com', '442319000000', 'Spain', 'Ile-de-France', 'Female', 'Italian'),
(245, '`First Name`245', '`Last Name`245', '`First Name`245.`Last Name`245@email.com', '446507000000', 'Belgium', 'Vienna', 'Female', 'Austrian'),
(246, '`First Name`246', '`Last Name`246', '`First Name`246.`Last Name`246@email.com', '449036000000', 'Spain', 'Vienna', 'Female', 'Swiss'),
(247, '`First Name`247', '`Last Name`247', '`First Name`247.`Last Name`247@email.com', '444416000000', 'Italy', 'Swiss Confederation', 'Female', 'Swiss'),
(248, '`First Name`248', '`Last Name`248', '`First Name`248.`Last Name`248@email.com', '449183000000', 'Austria', 'Catalonia', 'Female', 'Italian'),
(249, '`First Name`249', '`Last Name`249', '`First Name`249.`Last Name`249@email.com', '449783000000', 'United Kingdom', 'Catalonia', 'Female', 'German'),
(250, '`First Name`250', '`Last Name`250', '`First Name`250.`Last Name`250@email.com', '449989000000', 'Spain', 'Ile-de-France', 'Male', 'Italian'),
(251, '`First Name`251', '`Last Name`251', '`First Name`251.`Last Name`251@email.com', '447988000000', 'Spain', 'Ile-de-France', 'Male', 'Spanish'),
(252, '`First Name`252', '`Last Name`252', '`First Name`252.`Last Name`252@email.com', '441888000000', 'Belgium', 'North Rhine-Westphalia', 'Male', 'Italian'),
(253, '`First Name`253', '`Last Name`253', '`First Name`253.`Last Name`253@email.com', '446375000000', 'United Kingdom', 'Latium', 'Female', 'Swiss'),
(254, '`First Name`254', '`Last Name`254', '`First Name`254.`Last Name`254@email.com', '441405000000', 'Spain', 'North Rhine-Westphalia', 'Female', 'Italian'),
(255, '`First Name`255', '`Last Name`255', '`First Name`255.`Last Name`255@email.com', '448738000000', 'Italy', 'Wales', 'Male', 'Spanish'),
(256, '`First Name`256', '`Last Name`256', '`First Name`256.`Last Name`256@email.com', '441192000000', 'Belgium', 'England', 'Male', 'German'),
(257, '`First Name`257', '`Last Name`257', '`First Name`257.`Last Name`257@email.com', '446316000000', 'Austria', 'Scotland', 'Female', 'Spanish'),
(258, '`First Name`258', '`Last Name`258', '`First Name`258.`Last Name`258@email.com', '445244000000', 'Belgium', 'Andalusia', 'Male', 'Dutch'),
(259, '`First Name`259', '`Last Name`259', '`First Name`259.`Last Name`259@email.com', '444339000000', 'Denmark', 'Copenhagen', 'Female', 'Dutch'),
(260, '`First Name`260', '`Last Name`260', '`First Name`260.`Last Name`260@email.com', '444422000000', 'Denmark', 'Wales', 'Female', 'Danish'),
(261, '`First Name`261', '`Last Name`261', '`First Name`261.`Last Name`261@email.com', '445426000000', 'France', 'England', 'Female', 'British'),
(262, '`First Name`262', '`Last Name`262', '`First Name`262.`Last Name`262@email.com', '449037000000', 'Germany', 'Latium', 'Female', 'Belgian'),
(263, '`First Name`263', '`Last Name`263', '`First Name`263.`Last Name`263@email.com', '445154000000', 'Austria', 'Flanders', 'Female', 'British'),
(264, '`First Name`264', '`Last Name`264', '`First Name`264.`Last Name`264@email.com', '444438000000', 'Belgium', 'Swiss Confederation', 'Male', 'Belgian'),
(265, '`First Name`265', '`Last Name`265', '`First Name`265.`Last Name`265@email.com', '449940000000', 'United Kingdom', 'Flanders', 'Female', 'Danish'),
(266, '`First Name`266', '`Last Name`266', '`First Name`266.`Last Name`266@email.com', '444651000000', 'Denmark', 'Rhone-Alpes', 'Male', 'Swiss'),
(267, '`First Name`267', '`Last Name`267', '`First Name`267.`Last Name`267@email.com', '447924000000', 'Switzerland', 'Copenhagen', 'Female', 'French'),
(268, '`First Name`268', '`Last Name`268', '`First Name`268.`Last Name`268@email.com', '445103000000', 'United Kingdom', 'Rhone-Alpes', 'Male', 'Austrian'),
(269, '`First Name`269', '`Last Name`269', '`First Name`269.`Last Name`269@email.com', '447780000000', 'Belgium', 'England', 'Male', 'French'),
(270, '`First Name`270', '`Last Name`270', '`First Name`270.`Last Name`270@email.com', '449137000000', 'Netherlands', 'Andalusia', 'Female', 'Austrian'),
(271, '`First Name`271', '`Last Name`271', '`First Name`271.`Last Name`271@email.com', '441804000000', 'Netherlands', 'Flanders', 'Female', 'Swiss'),
(272, '`First Name`272', '`Last Name`272', '`First Name`272.`Last Name`272@email.com', '446871000000', 'United Kingdom', 'Scotland', 'Female', 'French'),
(273, '`First Name`273', '`Last Name`273', '`First Name`273.`Last Name`273@email.com', '442039000000', 'Germany', 'Baden-Wurttemberg', 'Female', 'Dutch'),
(274, '`First Name`274', '`Last Name`274', '`First Name`274.`Last Name`274@email.com', '445860000000', 'United Kingdom', 'England', 'Male', 'French'),
(275, '`First Name`275', '`Last Name`275', '`First Name`275.`Last Name`275@email.com', '449471000000', 'Austria', 'Scotland', 'Female', 'Belgian'),
(276, '`First Name`276', '`Last Name`276', '`First Name`276.`Last Name`276@email.com', '444118000000', 'Germany', 'Swiss Confederation', 'Male', 'Danish'),
(277, '`First Name`277', '`Last Name`277', '`First Name`277.`Last Name`277@email.com', '448553000000', 'France', 'Northern Ireland', 'Female', 'British'),
(278, '`First Name`278', '`Last Name`278', '`First Name`278.`Last Name`278@email.com', '442213000000', 'Spain', 'Bavaria', 'Female', 'Swiss'),
(279, '`First Name`279', '`Last Name`279', '`First Name`279.`Last Name`279@email.com', '442376000000', 'Netherlands', 'Ile-de-France', 'Female', 'Italian'),
(280, '`First Name`280', '`Last Name`280', '`First Name`280.`Last Name`280@email.com', '443120000000', 'Spain', 'Wales', 'Male', 'Belgian'),
(281, '`First Name`281', '`Last Name`281', '`First Name`281.`Last Name`281@email.com', '446552000000', 'Switzerland', 'Latium', 'Male', 'Belgian'),
(282, '`First Name`282', '`Last Name`282', '`First Name`282.`Last Name`282@email.com', '449018000000', 'Switzerland', 'Flanders', 'Male', 'Dutch'),
(283, '`First Name`283', '`Last Name`283', '`First Name`283.`Last Name`283@email.com', '445670000000', 'France', 'Baden-Wurttemberg', 'Female', 'Swiss'),
(284, '`First Name`284', '`Last Name`284', '`First Name`284.`Last Name`284@email.com', '441782000000', 'Denmark', 'Berlin', 'Male', 'German'),
(285, '`First Name`285', '`Last Name`285', '`First Name`285.`Last Name`285@email.com', '441150000000', 'France', 'Latium', 'Female', 'Austrian'),
(286, '`First Name`286', '`Last Name`286', '`First Name`286.`Last Name`286@email.com', '443510000000', 'Spain', 'Lombardy', 'Male', 'Italian'),
(287, '`First Name`287', '`Last Name`287', '`First Name`287.`Last Name`287@email.com', '442677000000', 'Switzerland', 'Scotland', 'Female', 'British'),
(288, '`First Name`288', '`Last Name`288', '`First Name`288.`Last Name`288@email.com', '448682000000', 'Italy', 'Copenhagen', 'Female', 'French'),
(289, '`First Name`289', '`Last Name`289', '`First Name`289.`Last Name`289@email.com', '444700000000', 'Denmark', 'Vienna', 'Female', 'French'),
(290, '`First Name`290', '`Last Name`290', '`First Name`290.`Last Name`290@email.com', '441971000000', 'Denmark', 'Flanders', 'Female', 'French'),
(291, '`First Name`291', '`Last Name`291', '`First Name`291.`Last Name`291@email.com', '446253000000', 'France', 'Rhone-Alpes', 'Female', 'Spanish'),
(292, '`First Name`292', '`Last Name`292', '`First Name`292.`Last Name`292@email.com', '446120000000', 'Denmark', 'Latium', 'Female', 'British'),
(293, '`First Name`293', '`Last Name`293', '`First Name`293.`Last Name`293@email.com', '445893000000', 'Germany', 'Andalusia', 'Female', 'Dutch'),
(294, '`First Name`294', '`Last Name`294', '`First Name`294.`Last Name`294@email.com', '445035000000', 'Germany', 'North Holland', 'Female', 'Italian'),
(295, '`First Name`295', '`Last Name`295', '`First Name`295.`Last Name`295@email.com', '444633000000', 'Italy', 'Catalonia', 'Male', 'Belgian'),
(296, '`First Name`296', '`Last Name`296', '`First Name`296.`Last Name`296@email.com', '442241000000', 'Switzerland', 'England', 'Male', 'Italian'),
(297, '`First Name`297', '`Last Name`297', '`First Name`297.`Last Name`297@email.com', '443931000000', 'Belgium', 'North Rhine-Westphalia', 'Male', 'German'),
(298, '`First Name`298', '`Last Name`298', '`First Name`298.`Last Name`298@email.com', '442514000000', 'Germany', 'Latium', 'Female', 'German'),
(299, '`First Name`299', '`Last Name`299', '`First Name`299.`Last Name`299@email.com', '445765000000', 'Belgium', 'England', 'Male', 'Danish'),
(300, '`First Name`300', '`Last Name`300', '`First Name`300.`Last Name`300@email.com', '441515000000', 'Italy', 'Swiss Confederation', 'Male', 'Italian');

--
-- Indexes for dumped tables
--

--
-- Indexes for table `assessments`
--
ALTER TABLE `assessments`
  ADD PRIMARY KEY (`AssessmentID`),
  ADD KEY `ModuleID` (`ModuleID`);

--
-- Indexes for table `assessment_student`
--
ALTER TABLE `assessment_student`
  ADD PRIMARY KEY (`AssessmentID`,`StudentID`),
  ADD KEY `StudentID` (`StudentID`);

--
-- Indexes for table `delivery method`
--
ALTER TABLE `delivery method`
  ADD PRIMARY KEY (`Delivery Method ID`);

--
-- Indexes for table `module`
--
ALTER TABLE `module`
  ADD PRIMARY KEY (`ModuleID`),
  ADD KEY `PartID` (`PartID`),
  ADD KEY `Delivery Method ID` (`Delivery Method ID`);

--
-- Indexes for table `module_student`
--
ALTER TABLE `module_student`
  ADD PRIMARY KEY (`StudentID`,`ModuleID`),
  ADD KEY `ModuleID` (`ModuleID`);

--
-- Indexes for table `part`
--
ALTER TABLE `part`
  ADD PRIMARY KEY (`PartID`);

--
-- Indexes for table `student`
--
ALTER TABLE `student`
  ADD PRIMARY KEY (`StudentID`);

--
-- Constraints for dumped tables
--

--
-- Constraints for table `assessments`
--
ALTER TABLE `assessments`
  ADD CONSTRAINT `assessments_ibfk_1` FOREIGN KEY (`ModuleID`) REFERENCES `module` (`ModuleID`);

--
-- Constraints for table `assessment_student`
--
ALTER TABLE `assessment_student`
  ADD CONSTRAINT `assessment_student_ibfk_1` FOREIGN KEY (`AssessmentID`) REFERENCES `assessments` (`AssessmentID`),
  ADD CONSTRAINT `assessment_student_ibfk_2` FOREIGN KEY (`StudentID`) REFERENCES `student` (`StudentID`);

--
-- Constraints for table `module`
--
ALTER TABLE `module`
  ADD CONSTRAINT `module_ibfk_1` FOREIGN KEY (`PartID`) REFERENCES `part` (`PartID`),
  ADD CONSTRAINT `module_ibfk_2` FOREIGN KEY (`Delivery Method ID`) REFERENCES `delivery method` (`Delivery Method ID`);

--
-- Constraints for table `module_student`
--
ALTER TABLE `module_student`
  ADD CONSTRAINT `module_student_ibfk_1` FOREIGN KEY (`StudentID`) REFERENCES `student` (`StudentID`),
  ADD CONSTRAINT `module_student_ibfk_2` FOREIGN KEY (`ModuleID`) REFERENCES `module` (`ModuleID`);
COMMIT;

/*!40101 SET CHARACTER_SET_CLIENT=@OLD_CHARACTER_SET_CLIENT */;
/*!40101 SET CHARACTER_SET_RESULTS=@OLD_CHARACTER_SET_RESULTS */;
/*!40101 SET COLLATION_CONNECTION=@OLD_COLLATION_CONNECTION */;
